age,gender,deployment_duration_months,combat_exposure,prior_trauma,social_isolation,sleep_score,anxiety_score,depression_score,alcohol_use,probable_ptsd
33.0,male,9.0,2.0,0.0,0.0,0.0,7.0,0.0,4.0,0
24.0,male,9.0,3.0,0.0,5.0,6.0,8.0,12.0,4.0,0
36.0,male,6.0,4.0,0.0,7.0,3.0,14.0,9.0,6.0,0
38.0,male,6.0,5.0,1.0,2.0,4.0,3.0,8.0,4.0,1
19.0,male,19.0,7.0,0.0,5.0,3.0,11.0,5.0,1.0,0
22.0,other,13.0,4.0,0.0,5.0,3.0,4.0,11.0,6.0,1
32.0,M,8.0,5.0,0.0,3.0,9.0,5.0,7.0,3.0,0
29.0,male,5.0,5.0,0.0,5.0,1.0,6.0,8.0,10.0,1
31.0,female,6.0,4.0,1.0,0.0,1.0,4.0,12.0,,0
25.0,male,3.0,3.0,0.0,2.0,2.0,5.0,8.0,6.0,0
37.0,male,11.0,1.0,0.0,2.0,1.0,6.0,5.0,5.0,0
36.0,female,6.0,5.0,1.0,3.0,5.0,16.0,9.0,10.0,0
31.0,male,11.0,4.0,0.0,3.0,3.0,5.0,15.0,3.0,0
39.0,male,14.0,4.0,0.0,7.0,5.0,6.0,5.0,4.0,0
34.0,male,11.0,7.0,0.0,6.0,4.0,10.0,11.0,8.0,0
25.0,female,7.0,1.0,0.0,6.0,4.0,8.0,13.0,13.0,0
34.0,male,5.0,7.0,0.0,0.0,6.0,11.0,8.0,3.0,0
24.0,male,4.0,3.0,0.0,0.0,3.0,5.0,6.0,1.0,0
37.0,male,18.0,6.0,0.0,4.0,4.0,9.0,6.0,17.0,0
31.0,male,11.0,3.0,0.0,2.0,6.0,0.0,6.0,11.0,0
30.0,female,8.0,0.0,0.0,0.0,0.0,0.0,0.0,1.0,0
26.0,male,13.0,4.0,1.0,7.0,6.0,1.0,17.0,0.0,0
40.0,female,16.0,6.0,0.0,3.0,6.0,12.0,10.0,6.0,0
30.0,male,6.0,5.0,0.0,3.0,4.0,0.0,4.0,20.0,0
28.0,male,11.0,4.0,0.0,5.0,5.0,8.0,8.0,8.0,0
29.0,female,11.0,0.0,0.0,0.0,0.0,0.0,5.0,3.0,0
35.0,male,20.0,2.0,1.0,8.0,3.0,4.0,1.0,4.0,0
34.0,male,8.0,8.0,0.0,2.0,4.0,8.0,8.0,8.0,0
34.0,female,5.0,1.0,0.0,1.0,0.0,11.0,0.0,7.0,0
34.0,M,12.0,8.0,0.0,1.0,5.0,8.0,9.0,,1
46.0,male,14.0,3.0,1.0,6.0,4.0,7.0,9.0,4.0,1
28.0,female,10.0,4.0,0.0,4.0,4.0,8.0,0.0,4.0,0
27.0,male,21.0,7.0,1.0,3.0,4.0,6.0,14.0,7.0,1
25.0,male,8.0,2.0,0.0,1.0,4.0,9.0,2.0,0.0,0
35.0,male,10.0,8.0,0.0,5.0,0.0,8.0,4.0,19.0,0
39.0,male,4.0,4.0,0.0,4.0,1.0,10.0,7.0,8.0,0
30.0,male,5.0,5.0,0.0,6.0,0.0,6.0,13.0,12.0,0
25.0,male,6.0,3.0,0.0,3.0,3.0,4.0,1.0,6.0,0
25.0,male,8.0,5.0,0.0,7.0,5.0,9.0,15.0,7.0,1
36.0,male,4.0,7.0,0.0,4.0,2.0,4.0,10.0,10.0,0
36.0,male,13.0,4.0,0.0,1.0,4.0,2.0,7.0,1.0,0
35.0,M,6.0,8.0,0.0,3.0,3.0,8.0,9.0,8.0,1
26.0,male,28.0,5.0,0.0,0.0,0.0,3.0,6.0,,0
33.0,male,6.0,5.0,0.0,5.0,10.0,10.0,6.0,6.0,0
32.0,male,10.0,5.0,0.0,4.0,3.0,6.0,11.0,6.0,0
33.0,male,9.0,2.0,0.0,4.0,,0.0,3.0,0.0,0
37.0,female,5.0,4.0,0.0,4.0,1.0,1.0,3.0,,0
33.0,male,8.0,4.0,0.0,2.0,2.0,3.0,8.0,2.0,0
36.0,male,8.0,2.0,0.0,4.0,1.0,0.0,0.0,4.0,0
31.0,female,15.0,6.0,0.0,5.0,6.0,2.0,7.0,4.0,1
33.0,male,12.0,5.0,0.0,7.0,5.0,14.0,6.0,6.0,0
35.0,male,13.0,4.0,1.0,6.0,8.0,2.0,17.0,8.0,1
21.0,male,15.0,5.0,0.0,4.0,5.0,17.0,20.0,6.0,1
29.0,male,13.0,4.0,0.0,4.0,5.0,9.0,8.0,6.0,0
28.0,male,11.0,4.0,0.0,5.0,6.0,11.0,10.0,17.0,0
27.0,male,6.0,4.0,1.0,3.0,8.0,14.0,12.0,15.0,1
29.0,male,10.0,3.0,1.0,1.0,6.0,8.0,5.0,4.0,1
41.0,male,5.0,9.0,1.0,1.0,4.0,15.0,10.0,6.0,0
25.0,female,9.0,1.0,0.0,2.0,3.0,1.0,4.0,2.0,0
38.0,male,8.0,3.0,0.0,4.0,0.0,9.0,4.0,6.0,0
19.0,male,,3.0,0.0,0.0,3.0,3.0,6.0,4.0,0
29.0,male,4.0,8.0,0.0,3.0,6.0,0.0,6.0,,0
32.0,other,1.0,0.0,1.0,3.0,6.0,4.0,8.0,1.0,0
35.0,male,7.0,5.0,0.0,5.0,2.0,11.0,4.0,3.0,0
36.0,male,17.0,6.0,0.0,8.0,8.0,7.0,7.0,4.0,1
37.0,male,10.0,5.0,1.0,5.0,4.0,15.0,12.0,14.0,1
29.0,male,17.0,8.0,0.0,2.0,3.0,14.0,9.0,5.0,1
28.0,male,5.0,6.0,1.0,5.0,4.0,19.0,15.0,8.0,1
37.0,male,7.0,3.0,0.0,1.0,0.0,8.0,3.0,1.0,0
30.0,male,29.0,7.0,0.0,3.0,5.0,16.0,7.0,6.0,1
22.0,female,6.0,0.0,0.0,0.0,3.0,4.0,5.0,2.0,0
23.0,male,13.0,5.0,0.0,5.0,8.0,14.0,7.0,10.0,1
25.0,male,13.0,3.0,0.0,3.0,3.0,7.0,14.0,7.0,0
34.0,male,12.0,4.0,0.0,4.0,3.0,4.0,5.0,1.0,0
32.0,male,13.0,1.0,0.0,2.0,0.0,2.0,9.0,5.0,0
36.0,male,6.0,5.0,0.0,8.0,6.0,12.0,7.0,4.0,0
28.0,male,7.0,0.0,1.0,4.0,3.0,3.0,0.0,16.0,0
32.0,male,1.0,3.0,0.0,,0.0,35.0,5.0,4.0,0
35.0,male,20.0,3.0,0.0,,3.0,8.0,8.0,6.0,0
29.0,male,13.0,3.0,0.0,1.0,4.0,5.0,9.0,7.0,0
34.0,male,6.0,6.0,1.0,3.0,8.0,7.0,10.0,7.0,0
26.0,male,5.0,5.0,1.0,2.0,2.0,7.0,5.0,3.0,0
28.0,male,17.0,8.0,1.0,0.0,5.0,7.0,3.0,7.0,0
28.0,male,6.0,7.0,1.0,2.0,2.0,12.0,10.0,7.0,0
23.0,male,6.0,2.0,0.0,6.0,,5.0,1.0,3.0,0
34.0,male,5.0,7.0,0.0,5.0,5.0,12.0,3.0,3.0,0
28.0,male,14.0,1.0,0.0,3.0,4.0,8.0,6.0,10.0,0
31.0,other,16.0,7.0,1.0,5.0,4.0,8.0,10.0,5.0,0
34.0,female,8.0,3.0,0.0,0.0,3.0,4.0,11.0,3.0,0
34.0,male,,3.0,0.0,3.0,2.0,1.0,9.0,5.0,0
36.0,male,11.0,6.0,1.0,7.0,7.0,10.0,16.0,5.0,1
30.0,male,5.0,6.0,1.0,2.0,1.0,6.0,5.0,4.0,1
28.0,male,20.0,7.0,1.0,0.0,2.0,7.0,4.0,3.0,0
30.0,male,5.0,4.0,0.0,3.0,5.0,3.0,19.0,6.0,0
19.0,female,9.0,4.0,0.0,7.0,6.0,4.0,5.0,13.0,1
21.0,female,8.0,5.0,0.0,2.0,3.0,1.0,1.0,4.0,0
22.0,male,7.0,5.0,0.0,0.0,4.0,11.0,5.0,5.0,0
24.0,male,2.0,4.0,0.0,7.0,4.0,6.0,8.0,1.0,0
34.0,male,26.0,7.0,0.0,1.0,,4.0,3.0,6.0,0
25.0,male,3.0,5.0,1.0,3.0,2.0,3.0,11.0,10.0,0
28.0,female,20.0,2.0,0.0,0.0,0.0,0.0,3.0,2.0,0
40.0,male,5.0,3.0,0.0,0.0,0.0,0.0,5.0,7.0,0
29.0,Other,6.0,1.0,1.0,2.0,6.0,8.0,8.0,5.0,0
36.0,male,19.0,6.0,0.0,4.0,0.0,10.0,13.0,5.0,0
24.0,male,12.0,8.0,0.0,5.0,5.0,1.0,4.0,6.0,0
30.0,male,4.0,2.0,0.0,3.0,2.0,10.0,9.0,2.0,0
24.0,male,4.0,4.0,0.0,1.0,5.0,7.0,2.0,3.0,1
29.0,male,11.0,6.0,1.0,4.0,0.0,2.0,3.0,4.0,0
37.0,male,5.0,0.0,0.0,4.0,3.0,5.0,12.0,,0
19.0,male,13.0,3.0,0.0,3.0,,6.0,2.0,15.0,0
34.0,female,13.0,5.0,1.0,5.0,6.0,10.0,12.0,7.0,0
33.0,male,6.0,0.0,0.0,1.0,1.0,0.0,3.0,0.0,0
27.0,M,7.0,2.0,1.0,2.0,0.0,3.0,6.0,1.0,0
21.0,male,11.0,7.0,0.0,3.0,1.0,8.0,0.0,5.0,0
32.0,male,6.0,6.0,1.0,6.0,7.0,13.0,11.0,6.0,1
27.0,male,10.0,5.0,0.0,6.0,1.0,1.0,2.0,0.0,0
33.0,male,30.0,9.0,0.0,3.0,3.0,2.0,2.0,6.0,0
31.0,male,12.0,5.0,1.0,4.0,5.0,7.0,7.0,8.0,0
42.0,male,7.0,5.0,1.0,3.0,0.0,6.0,9.0,1.0,0
29.0,female,27.0,6.0,0.0,0.0,3.0,3.0,5.0,7.0,0
24.0,male,15.0,5.0,0.0,6.0,4.0,11.0,9.0,6.0,0
32.0,female,5.0,2.0,0.0,3.0,3.0,0.0,0.0,1.0,0
33.0,male,5.0,6.0,1.0,4.0,4.0,12.0,7.0,4.0,1
41.0,Male,3.0,7.0,1.0,,1.0,5.0,11.0,8.0,0
37.0,male,11.0,7.0,0.0,4.0,3.0,7.0,3.0,4.0,0
33.0,male,2.0,2.0,0.0,1.0,4.0,11.0,4.0,5.0,0
41.0,male,27.0,4.0,0.0,1.0,1.0,0.0,9.0,,0
23.0,male,8.0,7.0,1.0,3.0,3.0,4.0,7.0,3.0,0
27.0,male,15.0,6.0,0.0,5.0,5.0,2.0,9.0,7.0,0
25.0,male,8.0,5.0,0.0,,4.0,8.0,3.0,11.0,0
28.0,male,11.0,3.0,1.0,1.0,2.0,5.0,0.0,9.0,0
21.0,male,9.0,5.0,0.0,2.0,3.0,7.0,9.0,10.0,0
35.0,male,10.0,2.0,0.0,2.0,4.0,2.0,0.0,21.0,0
29.0,male,18.0,7.0,0.0,4.0,,12.0,13.0,7.0,0
21.0,female,23.0,9.0,0.0,5.0,3.0,9.0,9.0,3.0,0
24.0,male,22.0,9.0,1.0,5.0,3.0,13.0,26.0,6.0,1
33.0,female,36.0,9.0,0.0,5.0,8.0,13.0,9.0,14.0,1
37.0,M,6.0,1.0,0.0,5.0,2.0,0.0,7.0,3.0,0
45.0,male,12.0,5.0,0.0,3.0,5.0,8.0,6.0,2.0,0
51.0,male,6.0,8.0,0.0,8.0,8.0,3.0,11.0,4.0,0
34.0,male,18.0,3.0,0.0,7.0,8.0,10.0,16.0,13.0,1
24.0,male,5.0,3.0,0.0,0.0,5.0,8.0,0.0,1.0,1
19.0,male,,8.0,0.0,3.0,2.0,5.0,5.0,11.0,0
33.0,male,11.0,6.0,0.0,6.0,7.0,16.0,15.0,18.0,0
25.0,female,,10.0,1.0,4.0,6.0,6.0,17.0,9.0,1
28.0,male,10.0,3.0,0.0,0.0,5.0,3.0,2.0,19.0,0
27.0,male,4.0,1.0,1.0,1.0,8.0,10.0,6.0,14.0,1
30.0,male,5.0,6.0,0.0,2.0,1.0,0.0,8.0,6.0,0
38.0,male,11.0,2.0,0.0,1.0,5.0,10.0,9.0,8.0,0
32.0,male,11.0,4.0,1.0,0.0,2.0,6.0,7.0,6.0,0
30.0,male,6.0,4.0,0.0,5.0,7.0,9.0,14.0,6.0,0
24.0,male,8.0,6.0,1.0,1.0,1.0,1.0,0.0,5.0,0
19.0,male,12.0,6.0,0.0,2.0,6.0,8.0,4.0,1.0,0
28.0,male,6.0,5.0,0.0,2.0,0.0,7.0,4.0,13.0,0
31.0,male,3.0,2.0,0.0,0.0,5.0,12.0,12.0,19.0,0
43.0,male,21.0,8.0,0.0,5.0,3.0,8.0,13.0,2.0,0
32.0,female,11.0,10.0,0.0,3.0,6.0,8.0,13.0,10.0,0
38.0,female,7.0,5.0,0.0,,2.0,2.0,3.0,12.0,0
28.0,male,6.0,4.0,0.0,4.0,2.0,11.0,11.0,5.0,0
23.0,male,5.0,1.0,0.0,2.0,2.0,7.0,4.0,3.0,0
24.0,male,18.0,4.0,1.0,2.0,3.0,1.0,11.0,5.0,0
26.0,male,4.0,3.0,0.0,0.0,6.0,1.0,12.0,4.0,0
46.0,male,12.0,3.0,1.0,4.0,2.0,4.0,14.0,7.0,0
25.0,male,12.0,4.0,0.0,2.0,1.0,4.0,2.0,9.0,0
37.0,male,14.0,9.0,0.0,3.0,5.0,8.0,7.0,2.0,0
25.0,other,7.0,7.0,0.0,4.0,10.0,15.0,21.0,7.0,1
38.0,male,20.0,5.0,1.0,5.0,6.0,11.0,18.0,6.0,0
34.0,female,15.0,2.0,0.0,1.0,0.0,3.0,0.0,,0
30.0,male,7.0,7.0,1.0,4.0,5.0,11.0,4.0,9.0,1
31.0,female,6.0,4.0,0.0,7.0,0.0,8.0,14.0,9.0,1
26.0,male,9.0,0.0,0.0,4.0,0.0,8.0,0.0,8.0,0
34.0,male,7.0,5.0,1.0,3.0,3.0,0.0,0.0,0.0,0
28.0,female,5.0,6.0,1.0,5.0,2.0,6.0,6.0,9.0,0
22.0,female,10.0,0.0,0.0,3.0,0.0,6.0,6.0,11.0,0
22.0,male,8.0,2.0,1.0,2.0,4.0,5.0,0.0,6.0,0
32.0,male,23.0,6.0,0.0,7.0,6.0,4.0,11.0,7.0,1
42.0,male,7.0,5.0,1.0,2.0,4.0,6.0,8.0,5.0,1
32.0,male,,3.0,0.0,2.0,1.0,5.0,1.0,5.0,0
30.0,male,9.0,2.0,0.0,6.0,5.0,10.0,16.0,7.0,0
33.0,female,11.0,6.0,0.0,,3.0,7.0,4.0,1.0,0
40.0,male,11.0,3.0,1.0,2.0,2.0,8.0,9.0,0.0,0
33.0,male,11.0,6.0,0.0,0.0,4.0,5.0,0.0,3.0,0
28.0,male,10.0,2.0,0.0,0.0,4.0,13.0,6.0,20.0,0
39.0,male,9.0,1.0,0.0,6.0,2.0,2.0,4.0,0.0,0
34.0,male,13.0,6.0,1.0,2.0,4.0,3.0,9.0,4.0,1
42.0,male,5.0,4.0,0.0,1.0,5.0,7.0,0.0,13.0,0
32.0,male,6.0,6.0,0.0,4.0,7.0,8.0,9.0,11.0,0
22.0,M,3.0,2.0,0.0,2.0,5.0,8.0,2.0,11.0,0
21.0,female,5.0,2.0,0.0,4.0,6.0,14.0,9.0,13.0,1
43.0,male,17.0,8.0,0.0,3.0,5.0,13.0,13.0,4.0,0
43.0,female,13.0,1.0,0.0,0.0,0.0,10.0,3.0,12.0,0
30.0,male,24.0,9.0,1.0,0.0,1.0,14.0,1.0,14.0,1
28.0,male,21.0,8.0,0.0,2.0,6.0,14.0,7.0,5.0,0
41.0,male,13.0,6.0,0.0,5.0,3.0,4.0,0.0,4.0,0
23.0,male,10.0,3.0,0.0,0.0,5.0,6.0,5.0,4.0,1
25.0,male,10.0,2.0,0.0,3.0,5.0,6.0,6.0,,0
36.0,male,2.0,3.0,0.0,3.0,0.0,5.0,4.0,1.0,0
28.0,male,9.0,1.0,1.0,2.0,4.0,10.0,0.0,2.0,1
31.0,male,6.0,2.0,0.0,2.0,2.0,0.0,8.0,8.0,0
30.0,male,5.0,5.0,0.0,4.0,6.0,13.0,11.0,12.0,0
33.0,male,12.0,6.0,1.0,2.0,5.0,13.0,7.0,3.0,1
41.0,male,8.0,2.0,0.0,4.0,4.0,4.0,1.0,8.0,0
32.0,male,10.0,6.0,0.0,5.0,1.0,5.0,0.0,2.0,0
36.0,male,5.0,5.0,0.0,6.0,6.0,6.0,8.0,2.0,0
19.0,male,15.0,8.0,0.0,0.0,1.0,8.0,14.0,8.0,0
31.0,male,7.0,5.0,1.0,2.0,6.0,8.0,10.0,5.0,1
25.0,male,11.0,7.0,1.0,3.0,4.0,9.0,6.0,7.0,0
22.0,male,7.0,5.0,0.0,4.0,4.0,10.0,10.0,7.0,1
25.0,male,2.0,5.0,0.0,1.0,1.0,12.0,6.0,8.0,0
29.0,female,12.0,2.0,0.0,0.0,1.0,6.0,6.0,3.0,0
37.0,male,9.0,4.0,0.0,6.0,6.0,9.0,3.0,10.0,0
22.0,female,3.0,3.0,0.0,3.0,4.0,4.0,11.0,9.0,0
31.0,male,4.0,3.0,0.0,0.0,4.0,6.0,15.0,2.0,0
28.0,male,15.0,6.0,0.0,1.0,4.0,13.0,4.0,4.0,0
29.0,male,3.0,5.0,1.0,4.0,6.0,7.0,19.0,,0
38.0,male,,5.0,1.0,0.0,3.0,9.0,5.0,0.0,0
35.0,other,25.0,6.0,0.0,4.0,2.0,4.0,4.0,5.0,0
40.0,male,12.0,3.0,0.0,1.0,3.0,5.0,2.0,,0
30.0,M,14.0,7.0,0.0,0.0,8.0,6.0,18.0,4.0,0
26.0,male,8.0,5.0,0.0,5.0,3.0,8.0,5.0,7.0,0
29.0,male,3.0,1.0,0.0,3.0,3.0,11.0,2.0,5.0,0
33.0,male,10.0,4.0,0.0,4.0,10.0,9.0,9.0,5.0,0
32.0,male,4.0,0.0,1.0,4.0,8.0,14.0,13.0,8.0,1
23.0,male,4.0,4.0,0.0,7.0,7.0,15.0,10.0,7.0,1
32.0,female,10.0,4.0,0.0,3.0,3.0,3.0,4.0,1.0,0
33.0,male,5.0,2.0,0.0,5.0,5.0,7.0,13.0,8.0,0
49.0,male,9.0,8.0,0.0,2.0,5.0,9.0,2.0,10.0,0
44.0,male,6.0,1.0,0.0,3.0,0.0,3.0,8.0,4.0,1
25.0,female,9.0,6.0,0.0,3.0,4.0,5.0,4.0,1.0,0
29.0,female,7.0,9.0,1.0,1.0,2.0,12.0,2.0,9.0,0
21.0,male,9.0,6.0,1.0,3.0,3.0,5.0,11.0,2.0,1
27.0,male,20.0,5.0,1.0,3.0,4.0,12.0,4.0,8.0,0
33.0,male,14.0,2.0,0.0,4.0,0.0,8.0,0.0,2.0,0
39.0, FEMALE ,8.0,1.0,0.0,0.0,0.0,5.0,7.0,2.0,0
26.0,male,18.0,4.0,0.0,4.0,6.0,7.0,6.0,4.0,0
26.0,male,12.0,3.0,0.0,4.0,5.0,13.0,1.0,6.0,0
19.0,male,18.0,4.0,0.0,3.0,0.0,9.0,1.0,3.0,0
30.0,male,3.0,3.0,1.0,4.0,2.0,8.0,13.0,1.0,0
24.0,male,5.0,3.0,0.0,2.0,5.0,11.0,8.0,1.0,0
27.0,male,10.0,5.0,0.0,4.0,5.0,10.0,12.0,17.0,1
25.0,male,8.0,1.0,0.0,4.0,6.0,1.0,14.0,6.0,0
30.0,female,9.0,3.0,0.0,4.0,5.0,12.0,10.0,2.0,0
19.0,male,13.0,4.0,0.0,2.0,1.0,7.0,13.0,7.0,0
21.0,male,10.0,4.0,0.0,2.0,,8.0,1.0,5.0,0
46.0,male,15.0,9.0,0.0,3.0,3.0,4.0,2.0,9.0,0
22.0,female,15.0,5.0,0.0,2.0,1.0,8.0,9.0,5.0,0
23.0,male,5.0,0.0,1.0,5.0,0.0,0.0,5.0,8.0,0
44.0,male,2.0,4.0,0.0,3.0,2.0,6.0,10.0,3.0,0
51.0,male,5.0,5.0,0.0,2.0,1.0,2.0,0.0,5.0,0
23.0,male,4.0,3.0,0.0,1.0,4.0,3.0,9.0,9.0,0
28.0,male,9.0,1.0,1.0,5.0,6.0,6.0,11.0,7.0,1
33.0,male,9.0,8.0,0.0,2.0,5.0,0.0,11.0,,1
43.0,male,8.0,2.0,0.0,0.0,2.0,0.0,0.0,5.0,0
24.0,male,12.0,6.0,0.0,5.0,4.0,11.0,11.0,8.0,0
29.0,male,32.0,7.0,0.0,4.0,5.0,9.0,5.0,5.0,1
36.0,female,8.0,5.0,0.0,0.0,2.0,0.0,2.0,5.0,0
34.0,male,11.0,8.0,0.0,4.0,4.0,11.0,6.0,14.0,0
28.0,male,9.0,5.0,0.0,2.0,6.0,0.0,0.0,2.0,0
30.0,male,6.0,2.0,1.0,3.0,0.0,11.0,8.0,4.0,0
21.0,male,13.0,7.0,0.0,4.0,0.0,6.0,5.0,4.0,0
29.0,male,8.0,3.0,0.0,0.0,1.0,0.0,0.0,0.0,0
29.0,male,5.0,4.0,0.0,0.0,3.0,6.0,1.0,8.0,0
33.0,male,6.0,1.0,0.0,0.0,0.0,13.0,11.0,15.0,0
27.0,male,15.0,3.0,0.0,3.0,0.0,1.0,2.0,0.0,0
34.0,female,13.0,5.0,0.0,0.0,1.0,5.0,5.0,4.0,0
38.0,other,7.0,5.0,0.0,1.0,5.0,9.0,0.0,2.0,0
32.0,male,12.0,1.0,1.0,0.0,5.0,1.0,9.0,6.0,0
33.0,male,,5.0,0.0,1.0,5.0,0.0,1.0,5.0,0
31.0,male,11.0,3.0,1.0,8.0,,7.0,8.0,,0
31.0,male,6.0,7.0,1.0,3.0,1.0,10.0,6.0,9.0,0
26.0,male,5.0,3.0,0.0,2.0,0.0,2.0,7.0,2.0,0
33.0,male,8.0,1.0,0.0,3.0,4.0,1.0,0.0,0.0,0
30.0,male,5.0,4.0,0.0,4.0,5.0,11.0,5.0,4.0,0
46.0,male,5.0,2.0,1.0,1.0,2.0,0.0,1.0,2.0,0
42.0,female,3.0,6.0,0.0,5.0,4.0,7.0,7.0,6.0,0
34.0,male,2.0,3.0,0.0,3.0,2.0,0.0,14.0,3.0,0
26.0,male,7.0,4.0,0.0,3.0,1.0,6.0,3.0,5.0,0
23.0,male,17.0,6.0,1.0,2.0,4.0,5.0,8.0,7.0,0
39.0,M,15.0,3.0,0.0,1.0,2.0,7.0,11.0,5.0,0
33.0,male,22.0,3.0,0.0,5.0,1.0,2.0,8.0,14.0,0
34.0,other,5.0,4.0,0.0,,5.0,6.0,4.0,6.0,0
19.0,male,13.0,2.0,0.0,4.0,1.0,0.0,0.0,7.0,0
37.0,male,8.0,2.0,1.0,1.0,,5.0,9.0,1.0,0
34.0,male,6.0,6.0,1.0,7.0,5.0,15.0,17.0,8.0,1
23.0,male,16.0,6.0,0.0,,4.0,1.0,4.0,2.0,1
28.0,male,8.0,1.0,0.0,1.0,3.0,0.0,9.0,3.0,0
33.0,male,3.0,2.0,1.0,3.0,1.0,1.0,13.0,10.0,0
31.0,male,15.0,3.0,0.0,0.0,3.0,0.0,6.0,16.0,0
29.0,male,11.0,8.0,0.0,4.0,5.0,4.0,4.0,9.0,1
30.0,male,10.0,6.0,0.0,2.0,4.0,8.0,5.0,0.0,0
29.0,male,4.0,3.0,0.0,1.0,4.0,0.0,7.0,,0
32.0,female,10.0,5.0,1.0,7.0,4.0,11.0,10.0,4.0,1
41.0,male,20.0,2.0,0.0,5.0,6.0,8.0,14.0,7.0,0
19.0,male,,3.0,0.0,0.0,0.0,0.0,0.0,4.0,0
29.0,male,3.0,4.0,0.0,0.0,1.0,3.0,3.0,0.0,0
32.0,male,12.0,5.0,0.0,4.0,4.0,4.0,7.0,14.0,0
33.0,male,11.0,4.0,1.0,4.0,6.0,9.0,7.0,2.0,0
28.0,male,14.0,5.0,0.0,3.0,5.0,8.0,12.0,9.0,0
19.0,male,11.0,4.0,0.0,7.0,5.0,6.0,1.0,14.0,0
33.0,male,5.0,3.0,0.0,5.0,0.0,4.0,5.0,,0
43.0,male,9.0,3.0,0.0,1.0,1.0,5.0,0.0,1.0,0
20.0,female,8.0,3.0,0.0,2.0,2.0,9.0,5.0,3.0,0
37.0,male,10.0,5.0,0.0,1.0,7.0,0.0,0.0,4.0,0
29.0,male,16.0,6.0,1.0,4.0,4.0,12.0,16.0,12.0,0
31.0,male,6.0,4.0,1.0,6.0,4.0,2.0,12.0,8.0,0
24.0,male,24.0,3.0,0.0,4.0,3.0,2.0,5.0,1.0,0
29.0,female,12.0,2.0,0.0,4.0,1.0,7.0,2.0,5.0,0
40.0,male,15.0,6.0,0.0,7.0,5.0,11.0,13.0,6.0,0
35.0,male,14.0,8.0,0.0,5.0,5.0,9.0,2.0,3.0,0
43.0,male,11.0,5.0,0.0,4.0,4.0,10.0,7.0,3.0,0
39.0,male,13.0,4.0,1.0,4.0,0.0,3.0,8.0,3.0,0
34.0,male,1.0,4.0,1.0,5.0,3.0,4.0,11.0,5.0,0
999.0,male,14.0,2.0,0.0,2.0,3.0,1.0,2.0,3.0,0
34.0,other,5.0,6.0,1.0,2.0,5.0,2.0,13.0,7.0,0
37.0,male,9.0,4.0,0.0,2.0,6.0,4.0,7.0,3.0,0
29.0,male,11.0,3.0,0.0,4.0,3.0,15.0,10.0,7.0,1
31.0,Male,17.0,5.0,0.0,0.0,4.0,0.0,4.0,3.0,0
26.0,male,5.0,2.0,0.0,0.0,,3.0,8.0,10.0,0
38.0,female,7.0,7.0,0.0,6.0,9.0,8.0,9.0,4.0,1
23.0,male,7.0,3.0,1.0,4.0,3.0,13.0,7.0,1.0,0
36.0,male,10.0,5.0,0.0,0.0,0.0,4.0,5.0,7.0,0
30.0,male,8.0,5.0,0.0,2.0,4.0,3.0,0.0,7.0,0
39.0,Male,13.0,3.0,0.0,2.0,1.0,0.0,4.0,6.0,0
36.0,male,3.0,4.0,1.0,2.0,1.0,2.0,0.0,5.0,0
44.0,M,8.0,5.0,0.0,0.0,0.0,6.0,6.0,0.0,0
36.0,male,21.0,2.0,1.0,0.0,6.0,0.0,0.0,14.0,0
20.0,male,8.0,5.0,1.0,5.0,3.0,11.0,5.0,11.0,1
31.0,male,12.0,4.0,0.0,0.0,6.0,5.0,2.0,0.0,0
23.0,male,15.0,5.0,0.0,2.0,2.0,8.0,10.0,3.0,0
27.0,male,11.0,4.0,0.0,2.0,1.0,4.0,2.0,3.0,0
42.0,male,25.0,7.0,1.0,3.0,7.0,9.0,4.0,6.0,0
35.0,female,10.0,7.0,0.0,3.0,3.0,5.0,7.0,3.0,0
26.0,male,13.0,2.0,0.0,5.0,2.0,8.0,1.0,0.0,0
24.0,male,10.0,3.0,0.0,0.0,1.0,6.0,9.0,5.0,0
31.0,male,19.0,7.0,0.0,6.0,4.0,10.0,6.0,13.0,0
22.0, FEMALE ,7.0,5.0,1.0,0.0,5.0,6.0,8.0,4.0,0
26.0,male,26.0,7.0,1.0,6.0,1.0,4.0,16.0,6.0,0
33.0,male,6.0,10.0,0.0,0.0,3.0,9.0,7.0,6.0,0
39.0,male,22.0,7.0,0.0,6.0,1.0,5.0,2.0,5.0,0
35.0,male,,6.0,0.0,2.0,4.0,4.0,0.0,5.0,0
19.0,male,13.0,4.0,1.0,5.0,6.0,6.0,2.0,3.0,0
33.0,other,,2.0,0.0,4.0,1.0,3.0,4.0,2.0,0
32.0,male,15.0,4.0,1.0,2.0,2.0,6.0,3.0,10.0,1
34.0,male,12.0,6.0,0.0,2.0,9.0,0.0,8.0,5.0,0
42.0,male,15.0,6.0,0.0,3.0,4.0,6.0,11.0,7.0,0
19.0,male,5.0,4.0,1.0,6.0,5.0,5.0,5.0,13.0,0
27.0,male,3.0,3.0,0.0,1.0,1.0,3.0,7.0,10.0,0
35.0,male,4.0,3.0,0.0,,2.0,1.0,0.0,0.0,0
20.0,male,4.0,3.0,0.0,3.0,3.0,3.0,1.0,0.0,0
41.0,male,5.0,5.0,0.0,2.0,6.0,4.0,10.0,10.0,1
34.0,other,6.0,6.0,1.0,3.0,5.0,6.0,14.0,6.0,1
37.0,male,6.0,2.0,1.0,3.0,6.0,2.0,2.0,12.0,0
27.0,male,9.0,6.0,1.0,3.0,7.0,11.0,10.0,3.0,1
37.0,male,5.0,2.0,0.0,1.0,3.0,5.0,4.0,4.0,0
38.0,male,6.0,5.0,0.0,8.0,6.0,10.0,13.0,,1
33.0,male,8.0,4.0,1.0,3.0,6.0,6.0,12.0,4.0,0
33.0,male,16.0,8.0,0.0,,1.0,0.0,4.0,8.0,0
33.0,M,7.0,3.0,1.0,3.0,8.0,4.0,10.0,9.0,0
25.0,female,9.0,4.0,0.0,5.0,4.0,6.0,15.0,7.0,0
30.0,male,10.0,6.0,0.0,1.0,3.0,6.0,13.0,4.0,0
30.0,M,5.0,2.0,0.0,4.0,2.0,10.0,10.0,10.0,0
34.0,male,7.0,4.0,0.0,3.0,0.0,5.0,5.0,5.0,0
38.0,male,6.0,3.0,0.0,0.0,4.0,8.0,1.0,6.0,0
24.0,male,,4.0,0.0,7.0,9.0,6.0,2.0,7.0,0
30.0,female,15.0,4.0,0.0,5.0,1.0,2.0,2.0,4.0,0
41.0,male,6.0,6.0,0.0,2.0,5.0,12.0,10.0,6.0,0
26.0,female,9.0,3.0,0.0,1.0,4.0,7.0,6.0,8.0,0
25.0,male,13.0,6.0,0.0,3.0,5.0,4.0,7.0,2.0,0
32.0,male,11.0,5.0,1.0,0.0,8.0,13.0,1.0,2.0,0
37.0,male,12.0,1.0,0.0,5.0,5.0,5.0,2.0,3.0,0
31.0,male,5.0,5.0,1.0,3.0,4.0,7.0,16.0,13.0,0
40.0,male,22.0,3.0,1.0,8.0,7.0,9.0,16.0,9.0,0
37.0,male,6.0,5.0,0.0,1.0,4.0,10.0,8.0,4.0,0
37.0,male,6.0,3.0,0.0,3.0,4.0,8.0,9.0,4.0,0
35.0,female,4.0,3.0,1.0,6.0,1.0,6.0,5.0,4.0,0
47.0,male,8.0,1.0,0.0,2.0,1.0,7.0,0.0,0.0,0
30.0,male,17.0,5.0,1.0,4.0,,10.0,9.0,12.0,0
19.0,male,11.0,6.0,0.0,5.0,5.0,6.0,0.0,2.0,0
42.0,male,9.0,2.0,0.0,2.0,3.0,9.0,5.0,5.0,0
28.0,female,14.0,3.0,0.0,0.0,3.0,6.0,5.0,3.0,0
32.0,male,17.0,6.0,0.0,0.0,5.0,6.0,2.0,2.0,0
40.0,male,15.0,6.0,1.0,6.0,2.0,7.0,19.0,14.0,1
20.0,male,2.0,0.0,0.0,3.0,,11.0,12.0,1.0,0
22.0,male,14.0,9.0,1.0,6.0,8.0,4.0,13.0,9.0,0
20.0,male,12.0,6.0,0.0,4.0,6.0,11.0,7.0,4.0,0
25.0,male,5.0,5.0,1.0,0.0,0.0,0.0,9.0,2.0,0
34.0,male,,4.0,1.0,0.0,6.0,9.0,13.0,13.0,0
35.0,male,17.0,1.0,0.0,7.0,4.0,1.0,0.0,1.0,0
33.0,male,6.0,5.0,0.0,4.0,0.0,7.0,7.0,8.0,0
21.0,male,15.0,4.0,1.0,3.0,3.0,6.0,9.0,3.0,0
19.0,female,11.0,6.0,1.0,3.0,2.0,2.0,3.0,3.0,0
31.0,male,1.0,3.0,0.0,1.0,2.0,9.0,10.0,10.0,0
28.0,male,9.0,5.0,0.0,3.0,6.0,16.0,13.0,10.0,0
34.0,male,11.0,3.0,1.0,6.0,3.0,1.0,1.0,12.0,0
36.0,male,8.0,6.0,0.0,5.0,,5.0,7.0,4.0,0
32.0,other,11.0,2.0,0.0,1.0,2.0,8.0,1.0,6.0,0
36.0,male,8.0,9.0,0.0,3.0,4.0,12.0,17.0,9.0,1
33.0,M,29.0,10.0,0.0,1.0,0.0,3.0,0.0,5.0,0
35.0,male,7.0,7.0,1.0,3.0,3.0,12.0,10.0,12.0,1
26.0,male,6.0,7.0,0.0,7.0,5.0,2.0,0.0,2.0,0
30.0,male,15.0,5.0,1.0,1.0,2.0,0.0,0.0,3.0,1
32.0,male,8.0,7.0,0.0,1.0,3.0,4.0,1.0,12.0,0
37.0,male,9.0,4.0,0.0,5.0,4.0,9.0,10.0,8.0,0
28.0,male,8.0,1.0,0.0,2.0,1.0,8.0,3.0,7.0,0
35.0,male,14.0,8.0,0.0,2.0,7.0,3.0,12.0,3.0,0
29.0,male,5.0,6.0,1.0,6.0,7.0,6.0,4.0,8.0,0
30.0,male,15.0,5.0,0.0,6.0,3.0,1.0,6.0,4.0,0
37.0,male,13.0,2.0,1.0,3.0,0.0,11.0,3.0,7.0,0
19.0,male,24.0,5.0,0.0,0.0,0.0,0.0,3.0,4.0,1
22.0,male,10.0,0.0,0.0,1.0,1.0,1.0,1.0,0.0,0
21.0,male,5.0,6.0,0.0,1.0,3.0,3.0,9.0,3.0,0
19.0,male,10.0,1.0,1.0,3.0,3.0,5.0,3.0,16.0,0
26.0,male,11.0,5.0,0.0,4.0,6.0,10.0,14.0,7.0,1
36.0,male,18.0,3.0,0.0,1.0,3.0,7.0,1.0,6.0,0
29.0,male,5.0,0.0,0.0,8.0,7.0,9.0,9.0,5.0,0
32.0,female,3.0,4.0,0.0,4.0,0.0,0.0,5.0,3.0,0
39.0,male,11.0,4.0,0.0,1.0,5.0,9.0,10.0,14.0,0
40.0,male,24.0,8.0,0.0,0.0,0.0,8.0,5.0,6.0,1
31.0,male,14.0,2.0,1.0,3.0,5.0,7.0,4.0,14.0,1
40.0,male,14.0,3.0,0.0,5.0,0.0,5.0,0.0,5.0,0
32.0,male,4.0,0.0,0.0,4.0,6.0,8.0,1.0,9.0,0
25.0,male,10.0,0.0,0.0,5.0,3.0,2.0,10.0,,0
27.0,male,18.0,9.0,1.0,4.0,7.0,11.0,19.0,4.0,1
21.0,male,11.0,9.0,0.0,5.0,5.0,10.0,12.0,8.0,1
25.0,male,3.0,4.0,0.0,1.0,2.0,11.0,1.0,5.0,0
28.0,Male,9.0,2.0,1.0,5.0,3.0,16.0,12.0,9.0,0
37.0,female,13.0,4.0,0.0,2.0,3.0,0.0,0.0,0.0,0
43.0,male,1.0,5.0,0.0,2.0,6.0,7.0,2.0,0.0,0
21.0,male,9.0,3.0,0.0,6.0,4.0,10.0,3.0,7.0,0
34.0,male,5.0,4.0,0.0,3.0,3.0,2.0,4.0,10.0,0
24.0,male,,5.0,1.0,6.0,3.0,5.0,5.0,4.0,0
34.0,male,7.0,3.0,1.0,0.0,2.0,2.0,0.0,11.0,0
30.0,male,12.0,3.0,1.0,10.0,9.0,9.0,7.0,17.0,1
19.0,male,9.0,5.0,1.0,2.0,6.0,5.0,10.0,5.0,1
37.0,female,7.0,2.0,1.0,6.0,6.0,9.0,10.0,6.0,1
27.0,male,26.0,7.0,0.0,5.0,4.0,10.0,8.0,4.0,0
27.0,male,6.0,3.0,0.0,2.0,5.0,1.0,0.0,3.0,0
24.0,male,10.0,4.0,0.0,5.0,5.0,4.0,11.0,9.0,0
26.0,male,9.0,7.0,1.0,5.0,3.0,8.0,3.0,2.0,0
34.0,male,10.0,4.0,1.0,2.0,3.0,9.0,12.0,3.0,1
30.0,male,25.0,8.0,1.0,4.0,9.0,9.0,15.0,7.0,1
33.0,male,13.0,1.0,0.0,3.0,3.0,7.0,3.0,5.0,0
34.0,male,7.0,3.0,0.0,3.0,6.0,12.0,1.0,6.0,0
40.0,male,21.0,6.0,1.0,7.0,8.0,9.0,18.0,10.0,1
29.0,male,,9.0,0.0,5.0,6.0,5.0,12.0,6.0,1
21.0,female,7.0,0.0,0.0,2.0,4.0,8.0,8.0,1.0,0
38.0,male,19.0,5.0,0.0,5.0,10.0,14.0,15.0,5.0,1
29.0,male,,7.0,0.0,0.0,5.0,6.0,10.0,7.0,1
39.0,female,4.0,2.0,0.0,0.0,0.0,2.0,6.0,0.0,0
34.0,female,3.0,3.0,1.0,4.0,3.0,11.0,5.0,7.0,0
30.0,male,2.0,4.0,1.0,5.0,7.0,7.0,9.0,1.0,0
33.0,male,18.0,6.0,0.0,3.0,1.0,0.0,3.0,4.0,0
45.0,male,10.0,8.0,0.0,8.0,4.0,12.0,10.0,14.0,0
46.0,male,3.0,4.0,1.0,4.0,5.0,1.0,5.0,9.0,0
31.0,M,9.0,7.0,0.0,1.0,2.0,0.0,0.0,4.0,0
32.0,male,15.0,4.0,0.0,3.0,4.0,2.0,10.0,6.0,0
39.0,male,6.0,2.0,0.0,2.0,4.0,6.0,0.0,4.0,0
25.0,female,8.0,3.0,0.0,0.0,0.0,0.0,0.0,0.0,0
33.0,male,26.0,4.0,0.0,7.0,2.0,9.0,7.0,10.0,0
31.0,male,8.0,5.0,1.0,1.0,1.0,9.0,6.0,13.0,0
33.0,Male,3.0,3.0,0.0,4.0,5.0,7.0,10.0,5.0,0
25.0,female,7.0,2.0,0.0,4.0,3.0,5.0,5.0,4.0,1
20.0,female,3.0,4.0,0.0,1.0,0.0,4.0,8.0,6.0,0
19.0,male,14.0,2.0,1.0,1.0,0.0,3.0,4.0,1.0,0
23.0,male,5.0,5.0,0.0,3.0,3.0,3.0,3.0,12.0,0
28.0,male,5.0,3.0,0.0,3.0,4.0,0.0,1.0,14.0,0
29.0,male,,9.0,0.0,3.0,3.0,8.0,8.0,9.0,1
45.0,male,4.0,3.0,1.0,,2.0,5.0,7.0,13.0,0
39.0,male,4.0,5.0,1.0,6.0,2.0,9.0,8.0,3.0,0
24.0,male,5.0,4.0,0.0,4.0,3.0,10.0,4.0,6.0,0
33.0,male,16.0,7.0,0.0,6.0,5.0,9.0,8.0,2.0,0
28.0,male,13.0,5.0,0.0,5.0,8.0,5.0,10.0,5.0,0
29.0,male,7.0,0.0,1.0,7.0,3.0,0.0,0.0,3.0,0
32.0,male,6.0,6.0,1.0,6.0,4.0,5.0,10.0,4.0,1
35.0,male,12.0,4.0,1.0,2.0,6.0,3.0,1.0,3.0,0
29.0,male,11.0,6.0,0.0,2.0,2.0,0.0,4.0,4.0,0
38.0,male,8.0,5.0,0.0,3.0,3.0,9.0,10.0,4.0,0
23.0,male,,3.0,0.0,2.0,8.0,6.0,12.0,7.0,1
31.0,male,4.0,1.0,1.0,1.0,4.0,13.0,3.0,5.0,0
49.0,female,5.0,5.0,0.0,1.0,3.0,5.0,7.0,5.0,0
33.0,male,13.0,4.0,0.0,4.0,4.0,12.0,9.0,3.0,0
41.0,female,11.0,6.0,1.0,2.0,4.0,7.0,4.0,4.0,0
32.0,female,2.0,3.0,0.0,1.0,7.0,11.0,6.0,19.0,1
35.0,male,9.0,6.0,1.0,0.0,1.0,3.0,0.0,5.0,0
31.0,male,27.0,7.0,0.0,7.0,4.0,1.0,0.0,12.0,1
30.0,male,15.0,5.0,0.0,4.0,5.0,6.0,5.0,13.0,0
26.0,male,7.0,3.0,0.0,,4.0,4.0,0.0,0.0,0
34.0,male,6.0,4.0,0.0,3.0,2.0,1.0,9.0,11.0,0
25.0,male,12.0,7.0,1.0,9.0,5.0,7.0,5.0,7.0,0
36.0,female,18.0,5.0,0.0,5.0,6.0,10.0,10.0,5.0,0
39.0,male,3.0,5.0,0.0,0.0,5.0,5.0,10.0,3.0,0
34.0,male,11.0,4.0,0.0,9.0,3.0,3.0,10.0,3.0,0
29.0,male,8.0,4.0,0.0,0.0,6.0,1.0,7.0,7.0,0
34.0,male,10.0,8.0,1.0,3.0,6.0,7.0,12.0,3.0,0
29.0,male,3.0,6.0,1.0,1.0,3.0,2.0,4.0,7.0,0
38.0,male,18.0,5.0,0.0,2.0,3.0,6.0,7.0,1.0,0
19.0,male,21.0,6.0,0.0,3.0,4.0,7.0,4.0,2.0,0
29.0,Male,14.0,3.0,0.0,0.0,4.0,6.0,9.0,3.0,0
19.0,male,23.0,5.0,0.0,4.0,1.0,5.0,17.0,6.0,0
21.0,male,7.0,5.0,0.0,7.0,6.0,5.0,5.0,4.0,0
41.0,male,11.0,6.0,0.0,2.0,6.0,6.0,0.0,3.0,0
37.0,female,14.0,6.0,0.0,2.0,1.0,13.0,14.0,7.0,0
26.0,male,12.0,2.0,1.0,2.0,3.0,7.0,8.0,2.0,0
20.0,male,8.0,6.0,0.0,1.0,3.0,3.0,9.0,1.0,0
19.0,male,8.0,4.0,1.0,3.0,,13.0,12.0,9.0,1
27.0,male,20.0,3.0,1.0,0.0,4.0,10.0,10.0,10.0,1
48.0,male,9.0,7.0,0.0,4.0,3.0,5.0,13.0,4.0,0
34.0,M,17.0,8.0,0.0,3.0,0.0,8.0,8.0,6.0,0
27.0,female,9.0,5.0,1.0,0.0,0.0,4.0,8.0,2.0,0
34.0,male,17.0,7.0,0.0,0.0,4.0,7.0,0.0,1.0,0
20.0,male,10.0,6.0,0.0,3.0,5.0,8.0,5.0,4.0,1
29.0,male,13.0,8.0,0.0,1.0,6.0,0.0,8.0,10.0,1
32.0,M,6.0,5.0,1.0,4.0,3.0,4.0,7.0,2.0,0
30.0,male,11.0,1.0,1.0,7.0,6.0,4.0,9.0,3.0,1
37.0,male,6.0,8.0,1.0,4.0,2.0,4.0,17.0,17.0,1
33.0,male,7.0,6.0,0.0,0.0,0.0,6.0,0.0,0.0,0
36.0,male,8.0,3.0,0.0,4.0,4.0,14.0,10.0,5.0,0
26.0,male,8.0,2.0,1.0,3.0,,5.0,7.0,4.0,0
37.0,male,16.0,6.0,1.0,3.0,7.0,10.0,4.0,13.0,1
42.0,male,7.0,3.0,0.0,4.0,3.0,11.0,1.0,9.0,0
24.0,male,10.0,5.0,1.0,5.0,3.0,8.0,1.0,3.0,0
25.0,male,17.0,7.0,1.0,3.0,2.0,6.0,8.0,5.0,0
40.0,male,13.0,3.0,0.0,3.0,2.0,4.0,5.0,6.0,1
30.0,male,3.0,1.0,0.0,8.0,9.0,10.0,5.0,8.0,0
41.0,other,3.0,4.0,0.0,5.0,4.0,7.0,0.0,0.0,0
28.0,male,12.0,3.0,1.0,4.0,5.0,5.0,5.0,0.0,0
41.0,Male,7.0,4.0,0.0,3.0,3.0,7.0,5.0,8.0,0
32.0,male,3.0,0.0,0.0,0.0,1.0,1.0,0.0,0.0,0
33.0,male,6.0,3.0,0.0,3.0,3.0,0.0,0.0,3.0,0
42.0,male,12.0,6.0,1.0,4.0,3.0,10.0,6.0,2.0,1
28.0,male,8.0,5.0,1.0,4.0,5.0,6.0,13.0,4.0,0
24.0,male,10.0,2.0,1.0,2.0,,8.0,4.0,2.0,0
28.0,female,8.0,1.0,0.0,1.0,2.0,8.0,0.0,4.0,0
34.0,M,6.0,4.0,0.0,3.0,1.0,0.0,0.0,3.0,0
20.0,female,11.0,6.0,0.0,5.0,3.0,6.0,12.0,8.0,0
35.0,male,3.0,4.0,0.0,,,14.0,6.0,9.0,0
27.0,male,5.0,2.0,0.0,2.0,3.0,3.0,3.0,1.0,0
39.0,male,15.0,5.0,1.0,2.0,4.0,3.0,6.0,9.0,1
19.0,male,3.0,7.0,0.0,0.0,3.0,10.0,4.0,6.0,0
25.0,male,9.0,5.0,0.0,0.0,3.0,1.0,0.0,4.0,0
19.0,male,7.0,0.0,0.0,1.0,2.0,0.0,0.0,19.0,0
25.0,male,,4.0,1.0,3.0,5.0,11.0,15.0,9.0,0
33.0,male,15.0,9.0,0.0,,6.0,4.0,9.0,5.0,1
30.0,male,17.0,2.0,0.0,3.0,0.0,4.0,3.0,2.0,0
29.0,male,5.0,4.0,0.0,3.0,8.0,3.0,7.0,4.0,0
30.0,male,8.0,3.0,0.0,6.0,4.0,10.0,9.0,2.0,0
32.0,female,2.0,3.0,0.0,0.0,3.0,3.0,0.0,4.0,0
24.0,male,15.0,5.0,0.0,,3.0,0.0,7.0,6.0,0
36.0,male,9.0,7.0,1.0,3.0,6.0,7.0,4.0,6.0,0
36.0,male,3.0,4.0,0.0,5.0,3.0,5.0,17.0,5.0,0
34.0,female,6.0,7.0,0.0,3.0,3.0,11.0,10.0,1.0,0
35.0,male,4.0,3.0,0.0,3.0,1.0,5.0,4.0,6.0,0
33.0,male,5.0,3.0,0.0,1.0,,12.0,15.0,5.0,1
45.0,female,2.0,2.0,0.0,0.0,2.0,0.0,6.0,6.0,0
30.0,female,20.0,1.0,0.0,5.0,4.0,3.0,0.0,8.0,0
29.0,male,5.0,4.0,1.0,1.0,6.0,11.0,11.0,17.0,1
26.0,M,9.0,9.0,1.0,7.0,4.0,9.0,11.0,7.0,0
24.0,male,12.0,5.0,0.0,3.0,0.0,8.0,5.0,7.0,0
22.0,male,17.0,7.0,0.0,1.0,2.0,3.0,3.0,13.0,0
25.0,male,10.0,3.0,1.0,,4.0,0.0,4.0,2.0,0
31.0,male,8.0,3.0,1.0,7.0,5.0,4.0,5.0,10.0,1
33.0,male,10.0,6.0,0.0,6.0,6.0,11.0,12.0,8.0,1
31.0,male,5.0,8.0,0.0,2.0,3.0,4.0,0.0,1.0,0
26.0,male,5.0,7.0,0.0,3.0,4.0,4.0,3.0,4.0,0
37.0,male,8.0,6.0,1.0,1.0,3.0,9.0,0.0,21.0,0
36.0, FEMALE ,2.0,3.0,0.0,3.0,0.0,2.0,1.0,9.0,0
30.0,male,6.0,4.0,0.0,4.0,5.0,3.0,13.0,10.0,0
26.0,male,7.0,2.0,0.0,2.0,1.0,0.0,4.0,1.0,0
35.0,male,25.0,3.0,0.0,5.0,0.0,4.0,1.0,0.0,0
32.0,male,18.0,3.0,1.0,2.0,1.0,3.0,7.0,0.0,0
21.0,Male,12.0,5.0,0.0,2.0,5.0,2.0,14.0,6.0,0
31.0,male,,4.0,1.0,0.0,1.0,10.0,6.0,5.0,0
33.0,female,5.0,0.0,1.0,2.0,1.0,3.0,3.0,9.0,0
25.0,male,10.0,4.0,0.0,1.0,6.0,6.0,3.0,2.0,0
32.0,female,14.0,4.0,1.0,3.0,0.0,6.0,7.0,1.0,0
21.0,female,5.0,1.0,1.0,0.0,3.0,2.0,2.0,7.0,0
40.0,female,3.0,3.0,0.0,7.0,4.0,13.0,21.0,7.0,0
40.0,male,11.0,4.0,0.0,1.0,3.0,10.0,12.0,4.0,0
29.0,female,4.0,2.0,1.0,3.0,3.0,10.0,1.0,10.0,0
34.0,male,13.0,7.0,0.0,2.0,1.0,8.0,2.0,2.0,0
999.0,male,17.0,1.0,0.0,5.0,2.0,3.0,2.0,7.0,0
23.0,male,5.0,0.0,0.0,3.0,6.0,0.0,5.0,7.0,0
29.0,male,5.0,4.0,0.0,8.0,6.0,8.0,10.0,4.0,0
23.0,male,17.0,5.0,0.0,,5.0,2.0,3.0,4.0,0
36.0,male,10.0,5.0,0.0,7.0,2.0,14.0,16.0,4.0,1
45.0,male,15.0,4.0,0.0,3.0,3.0,10.0,6.0,4.0,0
23.0,male,8.0,2.0,0.0,4.0,5.0,4.0,17.0,15.0,0
25.0,female,8.0,4.0,1.0,6.0,6.0,7.0,10.0,4.0,1
33.0,Male,9.0,3.0,0.0,4.0,7.0,6.0,0.0,0.0,0
42.0,male,22.0,9.0,1.0,4.0,6.0,9.0,15.0,5.0,1
22.0,male,15.0,4.0,1.0,2.0,5.0,0.0,11.0,13.0,0
33.0,male,6.0,4.0,0.0,3.0,10.0,0.0,10.0,7.0,0
44.0,male,10.0,10.0,0.0,6.0,4.0,7.0,10.0,4.0,1
999.0,male,8.0,4.0,0.0,6.0,3.0,0.0,2.0,4.0,0
22.0,male,7.0,5.0,1.0,1.0,3.0,5.0,0.0,9.0,0
28.0,male,12.0,6.0,0.0,,3.0,11.0,9.0,8.0,0
27.0,male,11.0,6.0,0.0,2.0,4.0,12.0,13.0,8.0,0
37.0,male,,4.0,0.0,3.0,0.0,1.0,4.0,3.0,0
33.0,female,9.0,5.0,0.0,,2.0,6.0,12.0,8.0,0
19.0,male,7.0,4.0,1.0,6.0,5.0,11.0,15.0,16.0,0
35.0,female,12.0,3.0,1.0,3.0,4.0,0.0,3.0,3.0,0
27.0,male,6.0,4.0,0.0,1.0,4.0,6.0,7.0,4.0,0
40.0,male,,8.0,0.0,7.0,2.0,8.0,14.0,15.0,1
27.0,male,7.0,7.0,0.0,3.0,10.0,10.0,13.0,9.0,0
27.0,female,3.0,4.0,0.0,6.0,3.0,5.0,3.0,9.0,0
35.0,other,22.0,8.0,0.0,5.0,5.0,8.0,10.0,4.0,0
36.0,male,9.0,2.0,0.0,0.0,,9.0,0.0,3.0,0
34.0,male,22.0,5.0,1.0,6.0,2.0,4.0,7.0,16.0,0
19.0,male,10.0,6.0,0.0,5.0,6.0,8.0,10.0,9.0,1
35.0,male,14.0,8.0,1.0,3.0,4.0,5.0,8.0,5.0,0
24.0,female,6.0,2.0,0.0,0.0,3.0,1.0,5.0,2.0,0
33.0,male,6.0,3.0,0.0,0.0,,2.0,0.0,1.0,0
21.0,male,9.0,9.0,0.0,9.0,1.0,5.0,0.0,3.0,0
34.0,male,22.0,6.0,0.0,2.0,5.0,12.0,16.0,9.0,0
25.0,male,5.0,8.0,0.0,1.0,7.0,10.0,6.0,8.0,0
22.0, FEMALE ,2.0,4.0,1.0,5.0,7.0,7.0,8.0,9.0,1
36.0,Male,16.0,5.0,1.0,1.0,4.0,9.0,14.0,13.0,0
33.0,male,14.0,4.0,1.0,1.0,7.0,4.0,11.0,5.0,1
27.0,M,7.0,6.0,0.0,5.0,1.0,0.0,6.0,6.0,0
41.0,male,27.0,9.0,0.0,4.0,2.0,4.0,10.0,1.0,1
28.0,male,27.0,4.0,0.0,1.0,5.0,2.0,0.0,6.0,0
31.0,female,3.0,3.0,1.0,3.0,4.0,7.0,5.0,7.0,0
33.0,male,6.0,6.0,1.0,3.0,4.0,8.0,13.0,3.0,0
27.0,male,9.0,4.0,0.0,5.0,5.0,13.0,8.0,7.0,0
34.0,male,12.0,3.0,1.0,2.0,3.0,4.0,4.0,12.0,1
27.0,male,11.0,7.0,0.0,1.0,,4.0,5.0,6.0,0
28.0,male,9.0,7.0,0.0,1.0,3.0,9.0,3.0,1.0,0
41.0,male,5.0,3.0,0.0,1.0,3.0,0.0,7.0,7.0,0
24.0,male,13.0,5.0,0.0,6.0,2.0,7.0,3.0,17.0,0
19.0,male,13.0,2.0,1.0,4.0,,2.0,0.0,1.0,0
42.0,male,16.0,3.0,1.0,2.0,3.0,7.0,12.0,9.0,0
49.0,male,4.0,4.0,0.0,0.0,1.0,4.0,1.0,6.0,0
28.0,male,8.0,4.0,0.0,3.0,7.0,10.0,6.0,3.0,0
19.0,male,7.0,2.0,0.0,5.0,6.0,2.0,0.0,4.0,0
29.0,male,4.0,2.0,0.0,2.0,9.0,5.0,14.0,5.0,0
29.0,male,8.0,2.0,0.0,1.0,3.0,0.0,3.0,,0
30.0,female,5.0,5.0,0.0,4.0,4.0,8.0,10.0,9.0,0
23.0,male,4.0,0.0,0.0,2.0,2.0,6.0,4.0,6.0,1
35.0,male,14.0,2.0,0.0,2.0,4.0,13.0,0.0,6.0,0
35.0,male,7.0,0.0,0.0,4.0,2.0,6.0,0.0,20.0,0
21.0,male,6.0,5.0,1.0,5.0,7.0,4.0,6.0,,1
36.0,Male,18.0,1.0,0.0,5.0,,6.0,3.0,2.0,0
45.0,male,13.0,5.0,0.0,5.0,,10.0,8.0,10.0,0
32.0,male,2.0,7.0,0.0,7.0,7.0,9.0,12.0,9.0,1
29.0,male,12.0,8.0,0.0,7.0,3.0,10.0,13.0,5.0,1
30.0,female,,0.0,0.0,7.0,4.0,1.0,3.0,5.0,0
35.0,male,8.0,5.0,0.0,8.0,5.0,8.0,7.0,13.0,0
19.0,female,8.0,2.0,1.0,6.0,8.0,7.0,12.0,2.0,1
32.0,other,3.0,1.0,1.0,2.0,1.0,6.0,3.0,6.0,0
28.0,female,27.0,6.0,0.0,4.0,0.0,10.0,4.0,3.0,0
44.0,male,8.0,7.0,0.0,5.0,2.0,3.0,10.0,8.0,0
30.0,male,11.0,6.0,1.0,8.0,2.0,10.0,9.0,4.0,0
43.0,male,8.0,2.0,0.0,1.0,0.0,8.0,8.0,6.0,0
23.0,male,6.0,5.0,0.0,5.0,2.0,8.0,8.0,11.0,0
35.0,female,15.0,0.0,0.0,2.0,6.0,1.0,5.0,4.0,0
33.0,male,10.0,3.0,0.0,4.0,3.0,10.0,1.0,3.0,0
25.0,male,8.0,2.0,0.0,0.0,0.0,0.0,0.0,2.0,0
32.0,male,11.0,4.0,0.0,6.0,4.0,8.0,11.0,,0
39.0,male,9.0,4.0,0.0,0.0,4.0,4.0,1.0,18.0,0
29.0,male,23.0,5.0,0.0,4.0,6.0,3.0,6.0,3.0,0
19.0,male,15.0,4.0,0.0,,,0.0,8.0,2.0,0
31.0,female,12.0,4.0,1.0,3.0,7.0,6.0,3.0,2.0,1
25.0,male,3.0,5.0,0.0,6.0,4.0,3.0,2.0,0.0,0
29.0,male,13.0,5.0,0.0,2.0,3.0,7.0,1.0,9.0,0
30.0,male,12.0,4.0,0.0,3.0,3.0,6.0,0.0,4.0,0
19.0,female,5.0,4.0,0.0,4.0,5.0,13.0,15.0,3.0,0
20.0,male,3.0,5.0,0.0,6.0,10.0,11.0,11.0,13.0,1
34.0,male,14.0,3.0,0.0,,5.0,5.0,4.0,9.0,0
27.0,male,15.0,5.0,0.0,4.0,6.0,4.0,5.0,6.0,0
19.0,female,6.0,6.0,0.0,2.0,3.0,13.0,4.0,6.0,0
36.0,male,6.0,1.0,1.0,7.0,5.0,8.0,3.0,2.0,0
33.0,male,10.0,8.0,1.0,4.0,3.0,7.0,16.0,10.0,0
26.0,other,7.0,1.0,0.0,0.0,2.0,9.0,0.0,2.0,0
22.0,male,3.0,3.0,0.0,1.0,9.0,9.0,0.0,10.0,0
37.0,male,5.0,2.0,1.0,1.0,0.0,3.0,11.0,9.0,0
33.0,male,11.0,9.0,0.0,1.0,6.0,8.0,11.0,4.0,1
48.0,male,,2.0,1.0,2.0,4.0,6.0,5.0,10.0,0
34.0,male,16.0,4.0,0.0,2.0,2.0,0.0,5.0,8.0,0
34.0,male,12.0,4.0,0.0,5.0,3.0,5.0,6.0,8.0,0
30.0,male,11.0,5.0,1.0,3.0,2.0,6.0,3.0,8.0,0
37.0,male,10.0,3.0,0.0,4.0,3.0,1.0,0.0,5.0,0
35.0,male,6.0,3.0,0.0,1.0,4.0,7.0,0.0,6.0,0
40.0,male,13.0,0.0,0.0,4.0,1.0,8.0,0.0,3.0,0
27.0,male,6.0,4.0,0.0,6.0,8.0,8.0,2.0,1.0,0
28.0,female,16.0,5.0,1.0,5.0,4.0,8.0,10.0,9.0,1
28.0,male,21.0,8.0,1.0,5.0,6.0,6.0,2.0,3.0,0
37.0,male,10.0,7.0,0.0,0.0,1.0,7.0,2.0,1.0,0
41.0,male,19.0,5.0,0.0,5.0,5.0,2.0,5.0,3.0,1
28.0,male,5.0,5.0,0.0,7.0,6.0,8.0,7.0,6.0,0
28.0,male,12.0,2.0,0.0,5.0,6.0,9.0,11.0,18.0,0
33.0,male,9.0,6.0,0.0,2.0,1.0,10.0,5.0,3.0,0
29.0,male,14.0,3.0,0.0,3.0,2.0,5.0,4.0,17.0,0
38.0,male,2.0,1.0,1.0,3.0,8.0,6.0,13.0,11.0,0
19.0,male,14.0,4.0,0.0,2.0,2.0,1.0,4.0,,0
25.0,male,6.0,7.0,0.0,6.0,,11.0,16.0,5.0,1
26.0,male,9.0,4.0,0.0,5.0,3.0,7.0,8.0,7.0,0
19.0,female,26.0,9.0,0.0,7.0,8.0,8.0,12.0,9.0,1
24.0,male,13.0,3.0,0.0,4.0,2.0,4.0,6.0,9.0,0
25.0,male,12.0,7.0,0.0,4.0,5.0,15.0,15.0,7.0,1
30.0,male,11.0,3.0,0.0,1.0,1.0,0.0,2.0,9.0,0
39.0,male,17.0,6.0,1.0,5.0,6.0,9.0,14.0,9.0,1
29.0,male,15.0,5.0,0.0,4.0,5.0,11.0,15.0,9.0,0
24.0,male,11.0,6.0,0.0,8.0,6.0,9.0,15.0,7.0,0
31.0,male,10.0,5.0,1.0,7.0,1.0,10.0,10.0,12.0,1
38.0,male,10.0,3.0,0.0,5.0,4.0,6.0,3.0,,0
24.0,male,9.0,6.0,1.0,5.0,4.0,11.0,7.0,9.0,1
25.0,male,4.0,7.0,0.0,0.0,4.0,5.0,5.0,1.0,0
35.0,male,13.0,3.0,0.0,3.0,5.0,10.0,8.0,7.0,0
29.0,male,6.0,0.0,0.0,0.0,0.0,4.0,0.0,,0
36.0,female,8.0,5.0,0.0,6.0,4.0,10.0,3.0,4.0,0
31.0,male,15.0,4.0,1.0,0.0,6.0,2.0,10.0,3.0,0
36.0,female,,4.0,0.0,4.0,3.0,2.0,8.0,19.0,0
24.0,male,9.0,5.0,1.0,5.0,6.0,17.0,20.0,8.0,1
31.0,male,10.0,3.0,1.0,5.0,7.0,15.0,10.0,13.0,1
30.0,M,8.0,3.0,1.0,3.0,0.0,7.0,0.0,0.0,0
22.0,male,26.0,6.0,1.0,6.0,4.0,9.0,13.0,7.0,1
20.0,female,24.0,9.0,0.0,4.0,,12.0,10.0,15.0,1
36.0,male,24.0,6.0,0.0,4.0,2.0,8.0,3.0,1.0,0
29.0,male,11.0,2.0,1.0,2.0,3.0,7.0,3.0,10.0,0
24.0,male,6.0,1.0,0.0,3.0,5.0,6.0,3.0,4.0,0
30.0,female,15.0,5.0,0.0,4.0,4.0,3.0,6.0,0.0,0
39.0,male,8.0,1.0,0.0,2.0,4.0,0.0,0.0,8.0,1
19.0,male,16.0,1.0,0.0,2.0,4.0,3.0,8.0,,0
21.0,female,6.0,5.0,1.0,3.0,4.0,5.0,5.0,3.0,0
25.0,Other,12.0,6.0,0.0,5.0,0.0,0.0,4.0,8.0,0
41.0,male,18.0,4.0,0.0,0.0,3.0,4.0,3.0,0.0,0
33.0,male,8.0,5.0,1.0,1.0,0.0,7.0,6.0,4.0,0
36.0,female,8.0,4.0,0.0,5.0,1.0,11.0,7.0,7.0,0
23.0,male,3.0,5.0,1.0,2.0,4.0,11.0,5.0,6.0,0
23.0,male,6.0,5.0,0.0,2.0,6.0,15.0,9.0,10.0,0
34.0,male,11.0,0.0,0.0,4.0,1.0,8.0,7.0,17.0,0
31.0,male,,4.0,0.0,1.0,7.0,4.0,7.0,6.0,0
35.0,male,13.0,6.0,0.0,3.0,4.0,1.0,5.0,6.0,0
30.0,male,2.0,2.0,0.0,2.0,3.0,10.0,4.0,12.0,0
33.0,male,8.0,4.0,0.0,2.0,5.0,9.0,2.0,4.0,0
32.0,male,4.0,5.0,0.0,3.0,9.0,17.0,10.0,4.0,0
36.0,male,11.0,4.0,0.0,3.0,2.0,3.0,4.0,3.0,0
37.0,male,3.0,7.0,0.0,5.0,5.0,4.0,9.0,4.0,0
20.0,male,4.0,6.0,0.0,5.0,3.0,8.0,0.0,11.0,0
19.0,male,15.0,5.0,1.0,3.0,2.0,10.0,9.0,7.0,0
38.0,male,7.0,3.0,1.0,9.0,5.0,14.0,9.0,9.0,1
39.0,male,19.0,0.0,0.0,0.0,2.0,12.0,4.0,3.0,0
24.0,male,13.0,4.0,0.0,0.0,2.0,7.0,7.0,1.0,1
19.0,female,8.0,1.0,0.0,7.0,4.0,4.0,0.0,8.0,0
32.0,male,16.0,5.0,0.0,6.0,2.0,7.0,18.0,7.0,1
38.0,male,8.0,4.0,1.0,3.0,0.0,6.0,8.0,2.0,0
44.0,male,14.0,6.0,1.0,7.0,6.0,10.0,12.0,17.0,1
35.0,male,6.0,7.0,0.0,5.0,4.0,13.0,7.0,7.0,1
28.0,other,16.0,5.0,0.0,3.0,2.0,0.0,7.0,3.0,1
25.0, FEMALE ,3.0,8.0,1.0,1.0,3.0,8.0,8.0,6.0,1
31.0,male,4.0,4.0,0.0,4.0,2.0,6.0,3.0,3.0,0
29.0,male,5.0,1.0,0.0,2.0,0.0,0.0,0.0,4.0,0
24.0,male,6.0,2.0,0.0,5.0,2.0,1.0,12.0,1.0,0
45.0,male,11.0,3.0,0.0,6.0,3.0,0.0,8.0,10.0,0
43.0,male,9.0,5.0,0.0,3.0,2.0,2.0,4.0,2.0,0
39.0,other,14.0,3.0,0.0,1.0,4.0,6.0,8.0,2.0,0
25.0,male,18.0,5.0,0.0,6.0,4.0,10.0,8.0,2.0,0
37.0,male,3.0,3.0,0.0,0.0,4.0,1.0,6.0,3.0,0
35.0,male,19.0,4.0,1.0,4.0,2.0,7.0,0.0,3.0,0
34.0,male,8.0,6.0,1.0,3.0,1.0,4.0,7.0,3.0,0
40.0,male,23.0,7.0,0.0,3.0,7.0,9.0,6.0,2.0,0
35.0,male,6.0,6.0,0.0,4.0,4.0,0.0,4.0,5.0,0
36.0,male,2.0,3.0,1.0,,2.0,14.0,10.0,7.0,0
35.0,male,13.0,7.0,1.0,5.0,5.0,7.0,1.0,7.0,1
33.0,male,13.0,2.0,0.0,0.0,4.0,0.0,0.0,10.0,0
19.0,male,4.0,0.0,0.0,2.0,6.0,1.0,0.0,5.0,0
32.0,female,5.0,1.0,0.0,2.0,4.0,3.0,7.0,3.0,0
27.0,male,15.0,5.0,1.0,4.0,7.0,6.0,12.0,29.0,1
22.0,male,12.0,7.0,0.0,3.0,,5.0,13.0,3.0,0
43.0,male,8.0,3.0,0.0,,4.0,5.0,6.0,2.0,0
43.0,male,12.0,3.0,1.0,2.0,2.0,1.0,7.0,7.0,0
41.0,male,11.0,4.0,0.0,0.0,3.0,0.0,6.0,15.0,0
33.0,male,5.0,5.0,1.0,6.0,7.0,9.0,9.0,10.0,0
40.0,male,15.0,4.0,0.0,5.0,6.0,14.0,10.0,6.0,0
31.0,female,14.0,4.0,0.0,3.0,2.0,5.0,5.0,3.0,0
32.0,male,9.0,1.0,1.0,2.0,0.0,5.0,0.0,7.0,0
23.0,M,15.0,4.0,1.0,3.0,9.0,7.0,7.0,7.0,0
34.0,male,25.0,9.0,1.0,8.0,5.0,8.0,10.0,5.0,0
31.0,female,5.0,4.0,1.0,6.0,7.0,13.0,13.0,17.0,1
22.0,other,8.0,2.0,0.0,0.0,2.0,3.0,2.0,0.0,0
31.0,male,8.0,7.0,0.0,3.0,3.0,6.0,7.0,6.0,0
30.0,male,15.0,4.0,0.0,5.0,1.0,7.0,5.0,3.0,0
44.0,male,6.0,7.0,1.0,4.0,5.0,3.0,4.0,6.0,0
37.0,male,14.0,8.0,0.0,1.0,1.0,10.0,4.0,2.0,0
31.0,male,7.0,4.0,1.0,4.0,6.0,12.0,18.0,9.0,1
33.0,male,4.0,0.0,1.0,,2.0,12.0,2.0,22.0,0
31.0,male,10.0,9.0,1.0,8.0,0.0,11.0,11.0,11.0,1
30.0,male,7.0,5.0,1.0,3.0,3.0,13.0,6.0,8.0,0
23.0,male,10.0,3.0,0.0,0.0,1.0,8.0,1.0,4.0,0
30.0,male,,7.0,0.0,5.0,5.0,10.0,9.0,7.0,0
26.0,male,,5.0,1.0,2.0,2.0,0.0,0.0,4.0,0
22.0,M,7.0,7.0,0.0,1.0,6.0,2.0,4.0,6.0,0
35.0,male,10.0,3.0,0.0,1.0,4.0,7.0,0.0,8.0,0
34.0,male,,6.0,1.0,3.0,6.0,11.0,16.0,20.0,1
19.0,male,14.0,2.0,0.0,4.0,4.0,2.0,3.0,3.0,0
30.0,male,5.0,5.0,0.0,4.0,6.0,10.0,5.0,14.0,0
38.0,male,,4.0,0.0,4.0,4.0,6.0,11.0,18.0,0
38.0,male,12.0,5.0,0.0,5.0,6.0,12.0,6.0,11.0,0
38.0,male,8.0,4.0,1.0,2.0,3.0,0.0,0.0,3.0,0
31.0,male,6.0,3.0,0.0,3.0,0.0,11.0,0.0,10.0,0
25.0,male,,2.0,0.0,2.0,7.0,6.0,10.0,0.0,0
23.0,male,12.0,6.0,0.0,7.0,8.0,13.0,17.0,17.0,0
33.0,male,5.0,7.0,1.0,6.0,4.0,9.0,0.0,10.0,1
34.0,male,13.0,3.0,1.0,1.0,1.0,6.0,3.0,5.0,1
40.0,male,10.0,5.0,0.0,3.0,6.0,5.0,6.0,4.0,0
39.0,male,13.0,6.0,0.0,4.0,1.0,10.0,2.0,0.0,0
30.0,male,9.0,4.0,0.0,5.0,3.0,2.0,2.0,9.0,0
22.0,male,23.0,2.0,0.0,6.0,0.0,6.0,3.0,3.0,0
29.0,male,11.0,1.0,0.0,1.0,8.0,4.0,7.0,16.0,0
33.0,male,14.0,3.0,0.0,5.0,0.0,0.0,0.0,0.0,0
30.0,female,13.0,0.0,0.0,2.0,2.0,0.0,4.0,1.0,0
27.0,male,8.0,7.0,0.0,4.0,0.0,4.0,0.0,0.0,0
33.0,male,11.0,5.0,0.0,4.0,3.0,8.0,4.0,0.0,1
27.0,male,6.0,4.0,0.0,1.0,4.0,10.0,2.0,10.0,1
27.0,male,22.0,1.0,0.0,4.0,6.0,11.0,5.0,2.0,0
33.0,male,12.0,0.0,0.0,4.0,2.0,6.0,1.0,1.0,0
28.0,male,6.0,4.0,0.0,3.0,6.0,4.0,10.0,2.0,0
33.0,male,19.0,10.0,0.0,3.0,2.0,8.0,6.0,4.0,0
33.0,male,9.0,3.0,1.0,2.0,5.0,11.0,12.0,17.0,0
23.0,male,15.0,7.0,0.0,7.0,6.0,10.0,13.0,11.0,1
28.0,male,3.0,2.0,1.0,4.0,5.0,8.0,0.0,6.0,0
41.0,male,17.0,5.0,0.0,4.0,7.0,13.0,6.0,9.0,0
23.0,male,12.0,7.0,0.0,2.0,5.0,3.0,4.0,3.0,1
19.0,female,5.0,3.0,0.0,2.0,2.0,2.0,3.0,1.0,0
19.0,male,12.0,3.0,0.0,1.0,4.0,9.0,2.0,4.0,0
31.0,male,21.0,9.0,1.0,4.0,3.0,13.0,5.0,15.0,1
31.0,male,7.0,4.0,1.0,2.0,7.0,13.0,13.0,7.0,1
30.0,male,,6.0,0.0,6.0,7.0,6.0,5.0,10.0,0
39.0,male,8.0,2.0,1.0,2.0,0.0,0.0,6.0,1.0,0
19.0,male,10.0,7.0,0.0,0.0,4.0,11.0,7.0,7.0,0
34.0,male,16.0,6.0,1.0,0.0,7.0,14.0,9.0,16.0,0
42.0,male,12.0,5.0,1.0,6.0,8.0,12.0,10.0,7.0,1
23.0,male,8.0,4.0,0.0,4.0,4.0,0.0,6.0,3.0,0
28.0,male,11.0,3.0,1.0,2.0,2.0,2.0,2.0,5.0,1
26.0,male,23.0,6.0,1.0,4.0,4.0,4.0,11.0,15.0,1
25.0,male,13.0,4.0,1.0,7.0,4.0,13.0,12.0,13.0,0
29.0,male,9.0,6.0,0.0,4.0,4.0,7.0,14.0,18.0,0
41.0,male,8.0,4.0,1.0,3.0,1.0,6.0,2.0,6.0,0
44.0,male,11.0,1.0,0.0,4.0,8.0,12.0,8.0,7.0,1
29.0,male,16.0,1.0,0.0,5.0,6.0,7.0,2.0,4.0,0
44.0,male,6.0,0.0,1.0,5.0,1.0,3.0,5.0,3.0,0
31.0,male,14.0,6.0,0.0,3.0,4.0,7.0,9.0,5.0,0
43.0,female,9.0,2.0,1.0,5.0,5.0,9.0,0.0,4.0,0
30.0,male,10.0,5.0,0.0,4.0,5.0,8.0,6.0,8.0,0
32.0,male,33.0,7.0,0.0,3.0,0.0,7.0,5.0,2.0,0
34.0,male,14.0,5.0,1.0,7.0,0.0,4.0,5.0,2.0,0
53.0,other,7.0,5.0,0.0,5.0,2.0,7.0,0.0,16.0,0
37.0,male,12.0,5.0,0.0,8.0,3.0,3.0,13.0,2.0,0
26.0,male,16.0,0.0,0.0,0.0,2.0,8.0,0.0,0.0,0
38.0,other,14.0,4.0,0.0,9.0,8.0,18.0,14.0,5.0,1
28.0,male,2.0,4.0,0.0,2.0,5.0,6.0,3.0,0.0,0
28.0,female,9.0,8.0,0.0,5.0,10.0,15.0,14.0,4.0,0
37.0,male,12.0,8.0,1.0,0.0,7.0,7.0,12.0,5.0,1
31.0,male,12.0,1.0,1.0,2.0,5.0,1.0,0.0,4.0,0
33.0,male,7.0,3.0,1.0,2.0,8.0,7.0,11.0,6.0,0
31.0,male,14.0,1.0,0.0,5.0,8.0,8.0,14.0,8.0,1
33.0,female,17.0,8.0,0.0,0.0,3.0,7.0,4.0,8.0,1
34.0,male,3.0,6.0,0.0,7.0,1.0,7.0,1.0,6.0,0
19.0,other,3.0,4.0,1.0,3.0,8.0,11.0,7.0,6.0,1
36.0,male,12.0,5.0,0.0,8.0,4.0,6.0,12.0,4.0,0
24.0,male,15.0,8.0,1.0,2.0,7.0,3.0,14.0,5.0,1
21.0,female,7.0,7.0,0.0,6.0,2.0,12.0,9.0,1.0,0
31.0,male,2.0,6.0,0.0,0.0,4.0,0.0,0.0,7.0,0
32.0,female,9.0,5.0,1.0,3.0,0.0,4.0,3.0,6.0,1
26.0,male,12.0,4.0,0.0,2.0,3.0,9.0,6.0,7.0,0
37.0,male,8.0,6.0,1.0,2.0,4.0,8.0,7.0,2.0,0
22.0,male,16.0,7.0,1.0,2.0,5.0,2.0,14.0,3.0,0
28.0,male,11.0,4.0,0.0,0.0,4.0,1.0,0.0,2.0,0
27.0,male,6.0,3.0,0.0,0.0,0.0,0.0,13.0,,0
31.0,male,7.0,6.0,0.0,4.0,7.0,12.0,9.0,8.0,0
33.0,male,9.0,8.0,1.0,3.0,6.0,9.0,2.0,5.0,1
24.0,male,8.0,2.0,1.0,6.0,9.0,3.0,11.0,6.0,1
36.0,female,3.0,3.0,0.0,3.0,5.0,9.0,9.0,9.0,1
31.0,male,11.0,5.0,1.0,6.0,3.0,11.0,11.0,7.0,1
19.0,male,7.0,5.0,0.0,0.0,0.0,2.0,1.0,11.0,0
19.0,other,7.0,3.0,0.0,2.0,7.0,0.0,6.0,5.0,1
31.0,male,5.0,8.0,1.0,5.0,6.0,4.0,4.0,4.0,0
29.0,Male,21.0,6.0,1.0,4.0,4.0,4.0,3.0,5.0,1
30.0,male,13.0,6.0,0.0,2.0,1.0,13.0,7.0,1.0,0
31.0,male,24.0,10.0,0.0,6.0,3.0,9.0,7.0,8.0,1
33.0,male,8.0,3.0,0.0,4.0,7.0,7.0,16.0,6.0,0
38.0,male,14.0,4.0,0.0,2.0,4.0,7.0,4.0,6.0,0
23.0,male,11.0,2.0,0.0,2.0,0.0,0.0,0.0,0.0,1
23.0,male,6.0,3.0,1.0,4.0,6.0,11.0,6.0,4.0,0
23.0,male,8.0,1.0,0.0,1.0,0.0,1.0,8.0,14.0,0
33.0,male,13.0,6.0,0.0,4.0,9.0,9.0,10.0,6.0,1
40.0,male,5.0,5.0,1.0,3.0,6.0,12.0,16.0,5.0,0
28.0,male,16.0,4.0,0.0,2.0,2.0,11.0,9.0,7.0,0
19.0,female,10.0,4.0,0.0,,6.0,15.0,6.0,5.0,1
19.0,male,15.0,6.0,1.0,3.0,4.0,2.0,6.0,3.0,0
25.0,male,12.0,2.0,0.0,5.0,6.0,3.0,3.0,8.0,0
27.0,male,3.0,4.0,0.0,5.0,4.0,9.0,10.0,6.0,0
28.0,male,9.0,6.0,0.0,3.0,5.0,14.0,9.0,11.0,1
31.0,male,17.0,1.0,0.0,,3.0,0.0,6.0,13.0,0
29.0,male,10.0,6.0,0.0,1.0,4.0,7.0,7.0,4.0,0
38.0,other,9.0,0.0,0.0,3.0,9.0,9.0,5.0,11.0,0
26.0,male,10.0,4.0,0.0,1.0,2.0,0.0,4.0,12.0,0
25.0,male,3.0,1.0,1.0,3.0,3.0,0.0,3.0,13.0,0
34.0,male,18.0,8.0,0.0,4.0,1.0,2.0,4.0,2.0,0
20.0,male,,1.0,0.0,8.0,1.0,9.0,13.0,12.0,0
34.0,male,20.0,2.0,0.0,1.0,3.0,8.0,3.0,,0
32.0,male,8.0,4.0,1.0,7.0,5.0,8.0,5.0,7.0,1
30.0,Male,12.0,4.0,0.0,6.0,3.0,8.0,0.0,1.0,0
42.0,female,2.0,0.0,1.0,2.0,0.0,4.0,2.0,,0
27.0,female,14.0,6.0,0.0,3.0,,2.0,12.0,19.0,1
45.0,male,13.0,0.0,1.0,6.0,4.0,6.0,7.0,10.0,0
29.0,male,13.0,2.0,0.0,2.0,1.0,7.0,2.0,1.0,0
22.0,male,2.0,2.0,0.0,3.0,1.0,10.0,2.0,2.0,0
31.0,female,6.0,5.0,0.0,2.0,4.0,7.0,1.0,12.0,0
23.0,male,12.0,7.0,0.0,0.0,5.0,3.0,3.0,11.0,0
26.0,male,17.0,7.0,1.0,2.0,3.0,5.0,7.0,10.0,0
34.0,male,5.0,3.0,0.0,0.0,0.0,3.0,0.0,3.0,0
35.0,male,5.0,0.0,0.0,3.0,7.0,16.0,9.0,13.0,0
27.0,male,11.0,5.0,0.0,5.0,7.0,8.0,7.0,6.0,0
38.0,female,,10.0,0.0,2.0,4.0,9.0,15.0,7.0,1
39.0,male,6.0,6.0,0.0,4.0,3.0,8.0,4.0,5.0,0
41.0,female,7.0,5.0,1.0,4.0,7.0,6.0,5.0,3.0,0
35.0,male,7.0,1.0,1.0,1.0,0.0,2.0,2.0,1.0,0
41.0,male,9.0,3.0,0.0,1.0,4.0,7.0,10.0,5.0,0
19.0,male,18.0,9.0,1.0,1.0,7.0,2.0,12.0,9.0,1
29.0,Male,9.0,1.0,0.0,5.0,4.0,15.0,14.0,4.0,0
25.0,male,33.0,4.0,0.0,4.0,4.0,6.0,1.0,4.0,0
32.0,male,10.0,6.0,0.0,3.0,5.0,7.0,3.0,6.0,1
27.0,male,19.0,4.0,0.0,4.0,3.0,5.0,2.0,6.0,0
30.0,male,8.0,1.0,0.0,2.0,0.0,8.0,9.0,6.0,0
44.0,male,4.0,7.0,0.0,0.0,3.0,5.0,10.0,2.0,0
30.0,male,9.0,5.0,1.0,5.0,5.0,10.0,9.0,22.0,1
34.0,male,13.0,4.0,0.0,5.0,5.0,6.0,4.0,4.0,0
29.0,female,6.0,1.0,0.0,2.0,2.0,4.0,3.0,7.0,0
32.0,male,17.0,10.0,0.0,5.0,4.0,15.0,12.0,4.0,1
31.0,male,7.0,4.0,0.0,5.0,5.0,4.0,7.0,4.0,0
34.0,male,5.0,7.0,1.0,5.0,4.0,4.0,7.0,3.0,0
39.0,male,29.0,8.0,0.0,1.0,0.0,0.0,5.0,3.0,1
43.0,male,6.0,3.0,0.0,0.0,4.0,8.0,1.0,4.0,0
33.0,female,7.0,3.0,0.0,0.0,3.0,3.0,6.0,,0
35.0,male,14.0,8.0,1.0,4.0,8.0,17.0,14.0,6.0,1
23.0,male,8.0,7.0,0.0,5.0,0.0,5.0,6.0,4.0,0
30.0,male,5.0,0.0,1.0,1.0,3.0,6.0,6.0,7.0,0
38.0,male,6.0,5.0,0.0,3.0,6.0,9.0,8.0,10.0,0
37.0,male,25.0,6.0,0.0,0.0,1.0,10.0,1.0,0.0,0
32.0,male,13.0,2.0,0.0,1.0,0.0,0.0,1.0,8.0,0
37.0,male,14.0,5.0,0.0,5.0,1.0,11.0,8.0,10.0,0
34.0,Male,,1.0,0.0,0.0,7.0,5.0,8.0,6.0,0
39.0,male,12.0,3.0,0.0,3.0,2.0,0.0,0.0,0.0,0
33.0,male,7.0,2.0,0.0,3.0,6.0,7.0,10.0,7.0,0
29.0,male,10.0,3.0,0.0,,4.0,3.0,3.0,16.0,0
33.0,male,2.0,3.0,0.0,1.0,5.0,8.0,11.0,12.0,0
19.0,male,16.0,3.0,0.0,,2.0,4.0,6.0,2.0,0
34.0,male,7.0,7.0,0.0,6.0,5.0,2.0,10.0,7.0,0
19.0,male,4.0,5.0,0.0,2.0,6.0,6.0,3.0,5.0,0
19.0,male,11.0,8.0,0.0,3.0,4.0,10.0,9.0,5.0,0
34.0,male,8.0,4.0,1.0,1.0,7.0,3.0,8.0,1.0,0
34.0,male,16.0,4.0,0.0,1.0,0.0,12.0,0.0,3.0,0
23.0,female,9.0,8.0,0.0,,0.0,9.0,11.0,7.0,1
26.0,male,6.0,2.0,0.0,3.0,6.0,9.0,15.0,4.0,0
41.0,male,9.0,4.0,1.0,0.0,2.0,10.0,11.0,5.0,0
28.0,male,20.0,7.0,0.0,6.0,6.0,3.0,6.0,10.0,0
47.0,male,16.0,2.0,0.0,3.0,7.0,12.0,10.0,6.0,0
31.0,male,13.0,6.0,0.0,3.0,7.0,12.0,5.0,5.0,0
34.0,male,16.0,6.0,0.0,2.0,6.0,10.0,7.0,6.0,0
42.0,male,14.0,7.0,1.0,4.0,3.0,8.0,14.0,6.0,0
32.0,male,5.0,6.0,0.0,3.0,1.0,7.0,4.0,10.0,0
24.0,male,15.0,8.0,0.0,5.0,9.0,12.0,7.0,4.0,1
30.0,male,17.0,5.0,0.0,3.0,,8.0,4.0,3.0,0
31.0,male,18.0,3.0,1.0,6.0,8.0,9.0,12.0,8.0,0
21.0,male,5.0,8.0,1.0,4.0,6.0,6.0,6.0,5.0,0
29.0,female,7.0,0.0,1.0,5.0,4.0,12.0,6.0,15.0,0
26.0,male,6.0,1.0,1.0,3.0,5.0,3.0,6.0,5.0,0
37.0,male,8.0,5.0,1.0,5.0,6.0,7.0,7.0,8.0,0
31.0,male,12.0,8.0,0.0,4.0,5.0,5.0,0.0,4.0,1
29.0,male,10.0,5.0,0.0,5.0,6.0,2.0,1.0,3.0,0
30.0,female,10.0,6.0,0.0,3.0,6.0,9.0,6.0,9.0,0
33.0,male,4.0,0.0,0.0,2.0,3.0,9.0,6.0,2.0,0
35.0,male,7.0,3.0,0.0,2.0,1.0,3.0,5.0,0.0,0
24.0,male,19.0,1.0,0.0,1.0,4.0,4.0,4.0,2.0,0
24.0,male,17.0,7.0,0.0,1.0,0.0,2.0,0.0,3.0,0
39.0,male,9.0,1.0,0.0,1.0,2.0,0.0,0.0,1.0,0
28.0,male,15.0,2.0,0.0,4.0,7.0,18.0,12.0,15.0,1
21.0,male,12.0,6.0,0.0,4.0,1.0,10.0,4.0,19.0,1
34.0,male,15.0,7.0,0.0,7.0,8.0,13.0,17.0,9.0,0
34.0,male,15.0,4.0,0.0,7.0,4.0,4.0,9.0,4.0,0
20.0,male,9.0,5.0,0.0,2.0,2.0,5.0,11.0,8.0,0
33.0,female,13.0,6.0,0.0,3.0,4.0,0.0,0.0,11.0,0
36.0,male,12.0,4.0,0.0,0.0,1.0,6.0,10.0,3.0,0
34.0,male,10.0,2.0,1.0,7.0,7.0,12.0,20.0,12.0,1
35.0,male,8.0,5.0,0.0,2.0,2.0,9.0,11.0,7.0,0
21.0,male,23.0,7.0,0.0,2.0,5.0,3.0,10.0,12.0,0
33.0,male,10.0,6.0,1.0,3.0,3.0,12.0,1.0,1.0,0
29.0,male,14.0,5.0,1.0,1.0,2.0,5.0,8.0,13.0,0
28.0,other,22.0,3.0,0.0,0.0,3.0,5.0,7.0,5.0,0
37.0,M,13.0,6.0,0.0,4.0,5.0,8.0,9.0,10.0,0
41.0,male,13.0,5.0,0.0,6.0,8.0,5.0,14.0,5.0,0
999.0,male,10.0,3.0,0.0,1.0,5.0,6.0,7.0,2.0,0
40.0,male,12.0,4.0,0.0,3.0,4.0,4.0,7.0,6.0,0
30.0,male,8.0,2.0,1.0,4.0,6.0,12.0,14.0,10.0,1
33.0,male,35.0,9.0,1.0,5.0,3.0,9.0,8.0,4.0,0
36.0, FEMALE ,4.0,0.0,0.0,4.0,2.0,7.0,4.0,7.0,0
32.0,male,9.0,2.0,0.0,0.0,4.0,10.0,10.0,2.0,0
32.0,male,13.0,4.0,1.0,4.0,2.0,11.0,9.0,1.0,0
37.0,male,13.0,8.0,1.0,2.0,6.0,8.0,4.0,6.0,1
31.0,female,8.0,6.0,1.0,3.0,4.0,9.0,6.0,2.0,0
26.0,male,3.0,0.0,0.0,2.0,5.0,10.0,1.0,2.0,0
28.0,male,4.0,6.0,0.0,6.0,3.0,5.0,15.0,6.0,0
35.0,female,11.0,7.0,1.0,9.0,6.0,8.0,13.0,9.0,1
31.0,male,2.0,1.0,1.0,3.0,2.0,2.0,4.0,5.0,0
33.0,female,14.0,0.0,0.0,1.0,0.0,4.0,3.0,11.0,0
36.0,male,,5.0,0.0,3.0,7.0,4.0,5.0,7.0,0
28.0,male,15.0,7.0,0.0,0.0,5.0,8.0,4.0,2.0,1
36.0,male,17.0,9.0,0.0,7.0,6.0,11.0,9.0,,0
34.0,Male,2.0,1.0,1.0,4.0,5.0,11.0,4.0,3.0,0
22.0,male,8.0,8.0,0.0,1.0,4.0,12.0,6.0,4.0,0
41.0,male,5.0,0.0,0.0,0.0,2.0,0.0,0.0,2.0,0
27.0,male,3.0,3.0,0.0,3.0,5.0,1.0,7.0,1.0,0
19.0,male,7.0,3.0,0.0,4.0,5.0,15.0,5.0,26.0,1
24.0,male,22.0,8.0,1.0,1.0,4.0,11.0,6.0,3.0,1
24.0,M,25.0,9.0,0.0,7.0,9.0,10.0,11.0,3.0,1
31.0,male,5.0,6.0,0.0,1.0,1.0,2.0,1.0,6.0,0
29.0,male,10.0,1.0,1.0,3.0,2.0,9.0,15.0,3.0,0
29.0,female,12.0,6.0,0.0,2.0,1.0,0.0,5.0,5.0,1
35.0,male,8.0,5.0,0.0,7.0,1.0,5.0,11.0,10.0,0
33.0,male,19.0,2.0,0.0,1.0,3.0,7.0,4.0,2.0,0
33.0,male,7.0,0.0,0.0,0.0,1.0,0.0,5.0,3.0,0
34.0,male,7.0,6.0,0.0,4.0,4.0,2.0,8.0,3.0,0
35.0,male,6.0,3.0,0.0,2.0,2.0,12.0,7.0,1.0,0
19.0,male,8.0,1.0,0.0,1.0,4.0,3.0,10.0,11.0,0
28.0,male,1.0,3.0,0.0,5.0,4.0,8.0,9.0,5.0,0
19.0,female,8.0,5.0,0.0,5.0,3.0,6.0,10.0,8.0,0
31.0,male,10.0,4.0,0.0,4.0,3.0,9.0,14.0,11.0,0
31.0,male,11.0,1.0,0.0,0.0,3.0,0.0,0.0,0.0,0
38.0,female,5.0,8.0,0.0,2.0,1.0,11.0,4.0,2.0,0
39.0,female,11.0,7.0,0.0,5.0,6.0,12.0,5.0,12.0,0
32.0,male,11.0,4.0,1.0,0.0,3.0,2.0,11.0,5.0,0
27.0,male,11.0,4.0,0.0,5.0,4.0,3.0,0.0,4.0,0
34.0,male,15.0,6.0,0.0,6.0,3.0,4.0,0.0,3.0,0
27.0,male,5.0,1.0,0.0,0.0,0.0,0.0,0.0,4.0,1
31.0,male,8.0,5.0,0.0,3.0,2.0,6.0,0.0,1.0,0
38.0,male,3.0,0.0,0.0,6.0,7.0,9.0,8.0,6.0,0
27.0,male,14.0,5.0,0.0,6.0,3.0,7.0,0.0,1.0,0
37.0,male,5.0,1.0,0.0,5.0,6.0,5.0,0.0,2.0,0
36.0,male,17.0,3.0,1.0,0.0,1.0,1.0,0.0,7.0,0
24.0,male,,9.0,0.0,1.0,2.0,0.0,3.0,9.0,0
38.0,male,9.0,4.0,0.0,5.0,5.0,12.0,2.0,6.0,0
36.0,male,9.0,5.0,1.0,3.0,6.0,10.0,6.0,8.0,0
32.0,male,4.0,0.0,0.0,5.0,0.0,0.0,0.0,3.0,0
26.0,female,10.0,3.0,0.0,5.0,3.0,5.0,2.0,1.0,0
25.0,female,15.0,6.0,0.0,2.0,4.0,9.0,5.0,8.0,0
27.0,female,11.0,5.0,0.0,2.0,3.0,7.0,7.0,1.0,0
35.0,female,20.0,1.0,1.0,0.0,2.0,2.0,8.0,0.0,0
24.0,female,8.0,4.0,0.0,2.0,4.0,7.0,4.0,1.0,0
34.0,male,8.0,5.0,0.0,3.0,5.0,11.0,3.0,9.0,0
22.0,male,5.0,6.0,1.0,,8.0,8.0,9.0,12.0,1
30.0,male,28.0,5.0,0.0,2.0,6.0,10.0,10.0,8.0,0
32.0,male,4.0,0.0,0.0,0.0,6.0,0.0,0.0,2.0,0
48.0,male,15.0,3.0,0.0,0.0,3.0,10.0,8.0,3.0,0
21.0,male,15.0,2.0,0.0,0.0,5.0,0.0,13.0,8.0,0
41.0,female,15.0,6.0,0.0,2.0,2.0,9.0,0.0,15.0,0
32.0,Male,6.0,0.0,0.0,,5.0,4.0,1.0,1.0,0
34.0,female,4.0,2.0,0.0,0.0,1.0,7.0,9.0,3.0,0
32.0,male,9.0,7.0,0.0,0.0,1.0,0.0,0.0,0.0,0
34.0,male,13.0,5.0,0.0,2.0,4.0,9.0,13.0,7.0,1
30.0,male,7.0,6.0,1.0,2.0,5.0,8.0,11.0,5.0,0
41.0,male,8.0,0.0,0.0,0.0,0.0,2.0,5.0,1.0,0
28.0,male,7.0,0.0,1.0,2.0,2.0,3.0,14.0,9.0,0
39.0,male,10.0,7.0,0.0,4.0,3.0,8.0,7.0,10.0,0
26.0,female,10.0,4.0,1.0,1.0,6.0,0.0,0.0,2.0,0
31.0,male,22.0,6.0,1.0,2.0,4.0,3.0,3.0,6.0,0
23.0,male,14.0,2.0,0.0,2.0,,1.0,15.0,13.0,0
34.0,male,,4.0,0.0,4.0,5.0,7.0,0.0,6.0,0
999.0,male,4.0,1.0,1.0,1.0,0.0,4.0,4.0,0.0,0
30.0,male,15.0,7.0,1.0,7.0,,12.0,1.0,13.0,0
30.0,male,10.0,10.0,0.0,1.0,5.0,13.0,3.0,9.0,0
23.0,male,27.0,7.0,1.0,3.0,5.0,6.0,11.0,8.0,1
29.0,male,27.0,5.0,0.0,3.0,8.0,10.0,9.0,5.0,0
20.0,male,5.0,0.0,0.0,0.0,0.0,3.0,1.0,5.0,0
25.0,male,12.0,1.0,0.0,2.0,4.0,3.0,0.0,24.0,0
33.0,male,4.0,7.0,1.0,7.0,7.0,13.0,1.0,2.0,0
40.0,male,15.0,3.0,0.0,0.0,0.0,9.0,4.0,1.0,0
51.0,male,24.0,5.0,0.0,3.0,2.0,5.0,6.0,4.0,0
27.0,male,11.0,6.0,0.0,0.0,2.0,8.0,0.0,0.0,0
41.0,Male,8.0,7.0,0.0,1.0,6.0,10.0,10.0,20.0,1
33.0,male,12.0,4.0,0.0,2.0,1.0,8.0,10.0,3.0,0
30.0,male,16.0,4.0,0.0,2.0,5.0,8.0,6.0,2.0,0
34.0,Male,16.0,5.0,1.0,1.0,0.0,2.0,3.0,0.0,1
31.0,male,8.0,3.0,0.0,2.0,6.0,0.0,5.0,3.0,0
32.0,female,6.0,2.0,0.0,0.0,3.0,8.0,0.0,,0
28.0,male,11.0,5.0,0.0,2.0,7.0,4.0,6.0,5.0,0
21.0,female,8.0,4.0,0.0,2.0,2.0,0.0,2.0,0.0,0
20.0,Male,19.0,10.0,0.0,0.0,2.0,4.0,8.0,6.0,0
36.0,male,8.0,5.0,0.0,4.0,3.0,7.0,13.0,7.0,1
29.0,male,10.0,7.0,0.0,4.0,5.0,9.0,6.0,13.0,0
27.0,male,12.0,2.0,0.0,1.0,3.0,4.0,6.0,2.0,0
31.0,female,4.0,5.0,0.0,3.0,5.0,1.0,5.0,2.0,0
37.0,male,7.0,2.0,1.0,0.0,0.0,4.0,0.0,7.0,0
32.0,male,26.0,7.0,0.0,5.0,8.0,7.0,6.0,3.0,1
26.0,male,16.0,6.0,0.0,4.0,6.0,9.0,8.0,1.0,0
40.0,male,8.0,4.0,0.0,5.0,5.0,5.0,16.0,7.0,0
999.0,male,,10.0,0.0,6.0,8.0,5.0,1.0,8.0,0
34.0,other,19.0,8.0,0.0,3.0,3.0,10.0,14.0,2.0,0
38.0,male,9.0,7.0,0.0,,3.0,1.0,8.0,8.0,0
40.0,male,15.0,6.0,0.0,6.0,1.0,3.0,7.0,1.0,0
39.0,male,14.0,9.0,0.0,8.0,8.0,6.0,8.0,4.0,1
35.0,male,4.0,0.0,0.0,1.0,0.0,3.0,4.0,3.0,0
35.0,male,9.0,7.0,0.0,3.0,1.0,5.0,3.0,12.0,0
35.0,female,23.0,4.0,1.0,6.0,3.0,7.0,7.0,14.0,1
23.0,male,26.0,5.0,0.0,4.0,8.0,6.0,5.0,8.0,0
36.0,male,16.0,6.0,0.0,5.0,6.0,10.0,0.0,4.0,0
22.0,male,7.0,7.0,0.0,6.0,6.0,15.0,20.0,6.0,1
25.0,male,2.0,1.0,0.0,2.0,6.0,0.0,7.0,17.0,0
40.0,male,6.0,3.0,0.0,5.0,4.0,3.0,9.0,12.0,0
37.0,male,4.0,4.0,0.0,2.0,4.0,8.0,4.0,6.0,0
41.0,male,,5.0,0.0,0.0,7.0,11.0,2.0,6.0,0
29.0,male,3.0,5.0,0.0,1.0,3.0,0.0,4.0,5.0,0
23.0,male,5.0,10.0,0.0,3.0,4.0,12.0,11.0,3.0,0
29.0,female,11.0,5.0,0.0,6.0,6.0,14.0,8.0,2.0,0
32.0,male,,3.0,0.0,5.0,5.0,3.0,3.0,4.0,0
32.0,other,22.0,3.0,1.0,5.0,5.0,14.0,11.0,3.0,1
39.0,female,14.0,4.0,0.0,3.0,5.0,4.0,5.0,5.0,0
28.0,male,9.0,2.0,1.0,5.0,4.0,9.0,10.0,7.0,0
33.0,male,19.0,6.0,1.0,5.0,6.0,7.0,14.0,4.0,1
24.0,male,8.0,5.0,0.0,5.0,5.0,11.0,8.0,7.0,0
34.0,male,23.0,5.0,0.0,4.0,4.0,10.0,6.0,7.0,0
31.0,male,6.0,8.0,1.0,2.0,9.0,16.0,17.0,8.0,1
26.0,male,1.0,2.0,0.0,0.0,3.0,8.0,0.0,1.0,0
29.0,male,10.0,4.0,0.0,1.0,3.0,6.0,0.0,7.0,0
30.0,male,2.0,5.0,0.0,6.0,5.0,18.0,9.0,8.0,1
29.0,other,16.0,7.0,0.0,,4.0,8.0,1.0,6.0,0
43.0,male,11.0,7.0,1.0,0.0,6.0,11.0,5.0,6.0,0
30.0,male,23.0,7.0,1.0,6.0,4.0,1.0,8.0,13.0,0
29.0,other,8.0,6.0,1.0,3.0,1.0,1.0,6.0,,1
19.0,male,4.0,2.0,1.0,5.0,0.0,1.0,1.0,5.0,0
25.0,male,13.0,7.0,0.0,4.0,6.0,2.0,13.0,2.0,1
29.0, FEMALE ,7.0,6.0,0.0,6.0,5.0,12.0,1.0,3.0,0
26.0,male,15.0,8.0,1.0,4.0,,10.0,8.0,9.0,0
41.0,male,6.0,0.0,1.0,0.0,3.0,1.0,0.0,0.0,0
30.0,male,21.0,4.0,1.0,4.0,8.0,8.0,10.0,9.0,0
40.0,female,10.0,6.0,1.0,4.0,6.0,5.0,3.0,1.0,0
31.0,male,9.0,0.0,0.0,4.0,7.0,13.0,14.0,7.0,0
31.0,Male,20.0,6.0,0.0,4.0,2.0,3.0,6.0,8.0,1
30.0,male,17.0,7.0,1.0,2.0,1.0,6.0,10.0,2.0,0
31.0,male,6.0,2.0,0.0,0.0,0.0,4.0,0.0,8.0,0
43.0,male,16.0,4.0,0.0,2.0,6.0,6.0,3.0,5.0,0
19.0,male,14.0,2.0,0.0,1.0,5.0,10.0,5.0,4.0,0
19.0, FEMALE ,9.0,3.0,0.0,2.0,4.0,1.0,0.0,0.0,0
27.0,male,16.0,4.0,0.0,0.0,6.0,5.0,1.0,2.0,0
31.0,male,21.0,4.0,0.0,1.0,3.0,8.0,0.0,0.0,0
36.0,male,9.0,2.0,0.0,0.0,,7.0,4.0,9.0,0
34.0,male,9.0,3.0,0.0,3.0,3.0,9.0,14.0,5.0,0
28.0,M,9.0,3.0,0.0,5.0,,2.0,9.0,10.0,0
38.0,male,6.0,8.0,0.0,4.0,5.0,16.0,14.0,5.0,0
38.0,male,,3.0,0.0,2.0,,9.0,2.0,4.0,0
32.0,male,9.0,5.0,0.0,8.0,0.0,0.0,0.0,0.0,0
38.0,male,8.0,3.0,0.0,5.0,3.0,6.0,2.0,2.0,1
33.0,male,8.0,3.0,0.0,5.0,2.0,8.0,14.0,8.0,0
27.0,male,5.0,0.0,0.0,,5.0,18.0,10.0,5.0,0
36.0,female,17.0,2.0,1.0,2.0,5.0,13.0,8.0,8.0,1
32.0,male,7.0,1.0,0.0,0.0,1.0,4.0,2.0,1.0,0
31.0, FEMALE ,21.0,6.0,0.0,3.0,1.0,1.0,6.0,3.0,1
41.0,female,5.0,6.0,0.0,3.0,3.0,1.0,4.0,1.0,0
19.0,male,24.0,2.0,0.0,4.0,1.0,6.0,6.0,,0
21.0,female,8.0,3.0,1.0,3.0,5.0,5.0,12.0,8.0,0
23.0,male,16.0,2.0,1.0,3.0,7.0,1.0,7.0,6.0,1
28.0,male,11.0,4.0,0.0,3.0,4.0,6.0,12.0,5.0,0
29.0,male,4.0,6.0,1.0,4.0,6.0,10.0,13.0,11.0,0
20.0,male,4.0,2.0,0.0,1.0,0.0,2.0,7.0,0.0,0
24.0,male,6.0,4.0,0.0,1.0,2.0,4.0,3.0,5.0,0
25.0,male,8.0,7.0,0.0,3.0,3.0,8.0,0.0,27.0,1
48.0,male,10.0,5.0,0.0,3.0,8.0,3.0,5.0,1.0,1
44.0,male,12.0,3.0,0.0,1.0,2.0,6.0,3.0,9.0,0
28.0,male,9.0,4.0,0.0,4.0,3.0,5.0,10.0,19.0,0
28.0,male,12.0,3.0,0.0,5.0,2.0,8.0,2.0,7.0,0
23.0,male,13.0,5.0,0.0,5.0,0.0,11.0,7.0,1.0,0
19.0,male,9.0,5.0,0.0,1.0,2.0,4.0,7.0,2.0,0
30.0,male,14.0,2.0,0.0,3.0,8.0,4.0,6.0,6.0,0
24.0,male,16.0,5.0,0.0,,4.0,0.0,3.0,4.0,0
30.0,male,13.0,4.0,0.0,4.0,8.0,1.0,9.0,15.0,0
20.0,male,13.0,6.0,0.0,1.0,3.0,6.0,10.0,14.0,0
26.0,M,11.0,6.0,0.0,5.0,0.0,5.0,11.0,4.0,0
32.0,male,18.0,6.0,1.0,4.0,1.0,2.0,5.0,4.0,1
34.0,male,10.0,4.0,0.0,5.0,4.0,2.0,2.0,3.0,0
34.0,male,,6.0,0.0,7.0,7.0,17.0,19.0,10.0,1
22.0,male,10.0,2.0,1.0,2.0,3.0,9.0,1.0,2.0,0
37.0,male,,1.0,0.0,1.0,0.0,0.0,8.0,2.0,0
25.0,male,,0.0,0.0,7.0,6.0,5.0,12.0,3.0,1
35.0,male,16.0,5.0,0.0,2.0,2.0,7.0,11.0,5.0,0
31.0,male,21.0,4.0,0.0,1.0,4.0,4.0,9.0,10.0,1
21.0,male,8.0,5.0,0.0,5.0,3.0,2.0,0.0,1.0,0
29.0,male,16.0,1.0,0.0,4.0,4.0,7.0,4.0,5.0,0
34.0,male,3.0,2.0,0.0,5.0,1.0,7.0,4.0,11.0,0
35.0,Male,2.0,4.0,1.0,5.0,5.0,14.0,8.0,17.0,1
30.0,male,19.0,3.0,0.0,2.0,6.0,0.0,1.0,1.0,0
42.0,male,13.0,5.0,0.0,6.0,6.0,7.0,8.0,2.0,0
38.0,female,10.0,3.0,1.0,1.0,7.0,10.0,10.0,2.0,0
29.0,male,23.0,6.0,0.0,2.0,2.0,4.0,2.0,,0
36.0,male,9.0,5.0,1.0,4.0,4.0,12.0,18.0,14.0,1
45.0,male,5.0,6.0,0.0,,6.0,2.0,8.0,5.0,0
45.0,female,3.0,4.0,0.0,5.0,6.0,11.0,6.0,22.0,0
22.0,male,10.0,2.0,1.0,4.0,6.0,16.0,14.0,8.0,1
25.0,female,11.0,3.0,0.0,3.0,1.0,0.0,1.0,,0
41.0,male,9.0,5.0,1.0,3.0,0.0,1.0,8.0,2.0,0
24.0,male,16.0,3.0,0.0,3.0,4.0,7.0,4.0,3.0,1
22.0,male,20.0,5.0,1.0,3.0,7.0,13.0,15.0,8.0,1
28.0,male,8.0,3.0,0.0,0.0,0.0,0.0,0.0,0.0,0
34.0,male,3.0,3.0,0.0,4.0,2.0,6.0,9.0,10.0,0
30.0,female,12.0,2.0,0.0,5.0,6.0,6.0,5.0,6.0,0
26.0,male,19.0,1.0,1.0,5.0,,8.0,8.0,4.0,0
26.0,female,8.0,5.0,0.0,3.0,8.0,10.0,14.0,13.0,0
26.0,male,13.0,7.0,0.0,1.0,4.0,6.0,12.0,3.0,0
25.0,male,5.0,0.0,1.0,4.0,4.0,7.0,1.0,4.0,0
47.0,male,12.0,5.0,0.0,3.0,4.0,7.0,11.0,5.0,0
33.0,male,14.0,7.0,0.0,3.0,3.0,1.0,8.0,7.0,0
37.0,male,12.0,6.0,0.0,2.0,5.0,0.0,0.0,5.0,0
28.0,male,27.0,5.0,0.0,2.0,5.0,8.0,1.0,13.0,0
30.0,male,21.0,3.0,0.0,3.0,5.0,3.0,0.0,6.0,0
26.0,male,15.0,5.0,0.0,4.0,4.0,14.0,6.0,2.0,1
19.0,male,18.0,6.0,0.0,5.0,0.0,8.0,0.0,0.0,0
21.0,male,11.0,5.0,0.0,4.0,3.0,4.0,9.0,1.0,1
19.0,male,10.0,4.0,0.0,6.0,3.0,14.0,7.0,1.0,0
19.0,male,7.0,1.0,0.0,1.0,,9.0,2.0,4.0,0
23.0,male,5.0,5.0,0.0,2.0,8.0,8.0,12.0,13.0,0
40.0,male,22.0,7.0,0.0,4.0,4.0,0.0,7.0,6.0,0
31.0,male,27.0,7.0,0.0,4.0,1.0,7.0,1.0,6.0,0
40.0,male,10.0,4.0,0.0,3.0,,1.0,0.0,6.0,0
34.0,male,10.0,8.0,0.0,7.0,5.0,11.0,12.0,13.0,1
36.0,female,,3.0,0.0,0.0,,3.0,5.0,1.0,0
25.0,male,9.0,7.0,0.0,7.0,8.0,5.0,12.0,12.0,0
35.0,female,5.0,2.0,1.0,5.0,4.0,8.0,7.0,11.0,0
36.0,male,4.0,6.0,0.0,0.0,1.0,5.0,3.0,2.0,0
27.0,male,27.0,9.0,1.0,6.0,5.0,9.0,5.0,5.0,0
35.0,male,3.0,3.0,0.0,4.0,2.0,7.0,5.0,6.0,0
35.0,male,12.0,8.0,0.0,,6.0,5.0,11.0,16.0,0
27.0,male,3.0,4.0,1.0,3.0,0.0,2.0,2.0,8.0,0
23.0,male,9.0,2.0,1.0,3.0,1.0,0.0,0.0,2.0,0
23.0,male,8.0,3.0,0.0,0.0,0.0,6.0,0.0,8.0,0
32.0,male,4.0,6.0,0.0,4.0,3.0,5.0,7.0,9.0,0
33.0,male,14.0,7.0,0.0,1.0,3.0,7.0,12.0,8.0,0
25.0,male,5.0,1.0,0.0,1.0,0.0,6.0,0.0,8.0,0
31.0,male,3.0,3.0,0.0,5.0,3.0,4.0,5.0,6.0,0
35.0,male,15.0,5.0,0.0,1.0,5.0,7.0,10.0,7.0,0
35.0,M,8.0,3.0,0.0,2.0,8.0,8.0,5.0,1.0,1
42.0,male,6.0,9.0,0.0,2.0,4.0,2.0,10.0,10.0,0
40.0,male,16.0,5.0,0.0,2.0,4.0,10.0,0.0,2.0,0
24.0,male,5.0,3.0,0.0,3.0,3.0,6.0,0.0,0.0,0
43.0,male,3.0,6.0,0.0,2.0,4.0,8.0,12.0,6.0,0
27.0,male,19.0,4.0,1.0,5.0,4.0,0.0,13.0,2.0,0
38.0,male,25.0,8.0,0.0,6.0,5.0,8.0,13.0,8.0,1
31.0,Male,9.0,0.0,1.0,6.0,4.0,2.0,11.0,6.0,0
28.0,male,1.0,2.0,1.0,1.0,2.0,10.0,0.0,6.0,0
19.0,male,9.0,6.0,1.0,7.0,5.0,14.0,7.0,7.0,1
30.0,male,16.0,8.0,0.0,6.0,4.0,8.0,5.0,9.0,1
20.0,male,18.0,3.0,1.0,5.0,0.0,0.0,12.0,5.0,0
38.0,female,5.0,2.0,1.0,3.0,7.0,12.0,6.0,7.0,0
42.0,male,8.0,5.0,1.0,2.0,8.0,6.0,11.0,3.0,1
25.0,male,11.0,3.0,0.0,1.0,4.0,13.0,8.0,5.0,0
33.0,male,15.0,4.0,0.0,0.0,3.0,4.0,4.0,1.0,0
26.0,male,15.0,7.0,0.0,5.0,8.0,13.0,13.0,8.0,1
27.0,female,13.0,3.0,0.0,5.0,1.0,6.0,3.0,4.0,0
36.0,male,18.0,1.0,0.0,5.0,4.0,9.0,0.0,3.0,0
31.0,male,10.0,1.0,1.0,1.0,1.0,5.0,8.0,3.0,0
43.0,other,22.0,6.0,0.0,4.0,10.0,14.0,8.0,7.0,1
28.0,male,7.0,0.0,0.0,1.0,1.0,2.0,0.0,6.0,0
38.0,male,15.0,4.0,1.0,4.0,,12.0,15.0,11.0,1
32.0,male,8.0,1.0,0.0,3.0,2.0,5.0,4.0,0.0,0
37.0,male,9.0,8.0,0.0,6.0,10.0,17.0,16.0,8.0,1
28.0,male,10.0,9.0,1.0,4.0,3.0,12.0,13.0,7.0,1
31.0,male,7.0,2.0,1.0,5.0,8.0,10.0,7.0,5.0,1
30.0,female,19.0,6.0,0.0,4.0,4.0,0.0,1.0,5.0,1
25.0, FEMALE ,8.0,2.0,0.0,4.0,4.0,8.0,4.0,3.0,0
36.0,male,10.0,4.0,0.0,2.0,5.0,3.0,12.0,6.0,0
36.0,male,,9.0,0.0,6.0,4.0,10.0,2.0,4.0,1
35.0,male,33.0,6.0,1.0,5.0,0.0,10.0,12.0,7.0,0
42.0,male,14.0,4.0,1.0,2.0,5.0,0.0,9.0,7.0,0
41.0,male,10.0,2.0,0.0,3.0,2.0,7.0,9.0,8.0,0
28.0,male,3.0,6.0,0.0,5.0,8.0,17.0,13.0,7.0,0
34.0,male,9.0,0.0,0.0,4.0,3.0,2.0,6.0,16.0,0
27.0,male,7.0,3.0,0.0,1.0,6.0,10.0,0.0,7.0,0
31.0,male,8.0,4.0,0.0,5.0,5.0,14.0,12.0,8.0,0
27.0,male,8.0,3.0,0.0,,0.0,9.0,7.0,12.0,0
42.0,male,14.0,7.0,1.0,3.0,6.0,6.0,14.0,4.0,0
34.0,male,9.0,7.0,0.0,2.0,2.0,6.0,0.0,7.0,0
29.0,male,6.0,1.0,0.0,0.0,5.0,6.0,0.0,5.0,1
39.0,female,16.0,10.0,0.0,1.0,6.0,14.0,16.0,9.0,1
19.0,male,4.0,0.0,1.0,4.0,4.0,9.0,1.0,9.0,0
19.0,female,10.0,7.0,1.0,9.0,6.0,2.0,12.0,6.0,1
37.0,male,9.0,4.0,0.0,1.0,3.0,5.0,11.0,19.0,0
31.0,Male,12.0,3.0,0.0,1.0,3.0,6.0,9.0,5.0,0
33.0,female,18.0,4.0,1.0,4.0,,1.0,9.0,3.0,0
22.0,male,36.0,7.0,0.0,3.0,2.0,0.0,6.0,0.0,0
31.0,male,10.0,5.0,0.0,7.0,3.0,9.0,8.0,14.0,0
45.0,male,6.0,2.0,0.0,1.0,0.0,3.0,5.0,7.0,0
37.0,male,6.0,3.0,1.0,2.0,4.0,5.0,10.0,5.0,0
32.0,male,6.0,2.0,0.0,3.0,5.0,3.0,0.0,1.0,0
28.0,male,12.0,2.0,0.0,0.0,3.0,4.0,10.0,4.0,0
28.0,female,2.0,1.0,0.0,0.0,1.0,3.0,0.0,0.0,0
19.0,male,4.0,1.0,0.0,4.0,0.0,1.0,6.0,8.0,0
33.0,male,12.0,4.0,0.0,5.0,,9.0,2.0,3.0,0
37.0,male,17.0,6.0,1.0,6.0,2.0,6.0,8.0,2.0,0
20.0,male,17.0,5.0,1.0,6.0,5.0,7.0,13.0,9.0,1
26.0,male,11.0,9.0,0.0,0.0,1.0,4.0,8.0,8.0,0
23.0,male,16.0,0.0,0.0,1.0,3.0,2.0,4.0,,0
24.0,male,19.0,6.0,1.0,6.0,3.0,12.0,8.0,3.0,1
31.0,male,8.0,4.0,1.0,7.0,5.0,5.0,12.0,11.0,0
19.0,male,18.0,7.0,0.0,6.0,5.0,8.0,15.0,4.0,1
35.0,male,3.0,5.0,0.0,,5.0,9.0,4.0,2.0,0
36.0,male,4.0,3.0,0.0,0.0,3.0,9.0,0.0,2.0,0
29.0,male,8.0,4.0,0.0,4.0,1.0,10.0,8.0,6.0,0
19.0,male,3.0,2.0,0.0,3.0,2.0,3.0,3.0,4.0,0
24.0,male,14.0,6.0,0.0,6.0,6.0,9.0,5.0,6.0,0
40.0,male,7.0,0.0,0.0,2.0,3.0,5.0,0.0,13.0,0
19.0,male,9.0,6.0,1.0,2.0,6.0,3.0,7.0,4.0,0
29.0,male,9.0,4.0,1.0,2.0,5.0,0.0,0.0,3.0,0
999.0,male,8.0,3.0,1.0,3.0,,6.0,6.0,2.0,1
37.0,Male,6.0,3.0,0.0,5.0,3.0,7.0,10.0,5.0,0
26.0,male,13.0,4.0,0.0,1.0,0.0,0.0,4.0,6.0,0
34.0,male,7.0,7.0,0.0,0.0,1.0,4.0,5.0,6.0,0
35.0,male,,10.0,0.0,6.0,3.0,4.0,10.0,12.0,0
44.0,male,12.0,7.0,0.0,0.0,2.0,1.0,6.0,1.0,0
30.0,male,19.0,4.0,0.0,6.0,1.0,35.0,3.0,8.0,0
34.0,male,18.0,7.0,1.0,0.0,5.0,12.0,10.0,9.0,0
21.0,male,7.0,5.0,1.0,3.0,9.0,14.0,13.0,3.0,0
39.0,male,6.0,2.0,0.0,6.0,6.0,12.0,12.0,13.0,1
26.0,male,21.0,3.0,1.0,5.0,5.0,12.0,5.0,5.0,0
27.0,male,7.0,4.0,0.0,0.0,4.0,4.0,0.0,5.0,0
31.0,male,13.0,6.0,0.0,3.0,3.0,5.0,0.0,0.0,0
20.0,male,3.0,0.0,0.0,3.0,3.0,2.0,8.0,2.0,0
33.0,male,2.0,2.0,0.0,2.0,2.0,1.0,7.0,6.0,0
38.0,female,10.0,5.0,0.0,3.0,4.0,6.0,8.0,9.0,1
33.0,male,9.0,4.0,0.0,3.0,5.0,11.0,4.0,5.0,0
20.0,female,15.0,8.0,0.0,,6.0,15.0,15.0,16.0,1
30.0,male,6.0,1.0,1.0,9.0,3.0,4.0,8.0,,0
36.0,male,12.0,10.0,0.0,4.0,4.0,11.0,18.0,13.0,0
19.0,male,15.0,1.0,0.0,1.0,3.0,2.0,10.0,3.0,0
23.0,male,6.0,0.0,0.0,1.0,3.0,4.0,8.0,1.0,0
37.0,female,8.0,4.0,0.0,6.0,2.0,3.0,6.0,1.0,1
33.0,male,5.0,1.0,0.0,0.0,0.0,6.0,7.0,1.0,0
34.0,female,15.0,5.0,0.0,5.0,8.0,10.0,12.0,5.0,0
44.0,male,14.0,5.0,1.0,4.0,7.0,10.0,8.0,4.0,1
34.0,female,14.0,4.0,0.0,0.0,0.0,6.0,2.0,0.0,0
36.0,female,,2.0,0.0,2.0,7.0,5.0,6.0,5.0,0
50.0,male,13.0,6.0,0.0,3.0,3.0,5.0,5.0,0.0,0
30.0,male,1.0,2.0,1.0,0.0,2.0,5.0,2.0,1.0,0
25.0,male,9.0,7.0,0.0,5.0,7.0,15.0,5.0,3.0,1
34.0,male,23.0,5.0,0.0,5.0,5.0,0.0,1.0,2.0,0
34.0,female,10.0,2.0,1.0,3.0,5.0,0.0,6.0,7.0,0
27.0,male,17.0,1.0,0.0,0.0,,5.0,8.0,2.0,0
24.0,male,9.0,4.0,0.0,2.0,1.0,11.0,7.0,7.0,0
47.0,male,20.0,3.0,0.0,3.0,0.0,9.0,9.0,7.0,0
33.0,male,6.0,1.0,0.0,2.0,5.0,9.0,1.0,3.0,0
26.0,female,13.0,6.0,1.0,4.0,8.0,4.0,6.0,3.0,0
37.0,male,7.0,0.0,0.0,2.0,0.0,0.0,1.0,7.0,0
30.0,male,,7.0,0.0,7.0,4.0,0.0,10.0,4.0,0
29.0,female,7.0,4.0,0.0,1.0,1.0,2.0,2.0,12.0,0
35.0,male,10.0,4.0,0.0,2.0,4.0,2.0,7.0,11.0,0
22.0,male,8.0,2.0,0.0,4.0,4.0,6.0,0.0,5.0,0
33.0,male,14.0,6.0,1.0,6.0,4.0,12.0,13.0,2.0,1
44.0,male,13.0,5.0,0.0,2.0,2.0,3.0,5.0,6.0,0
34.0,male,6.0,2.0,1.0,2.0,8.0,0.0,3.0,9.0,0
28.0,male,6.0,4.0,1.0,5.0,1.0,8.0,3.0,6.0,0
27.0,male,6.0,0.0,0.0,1.0,3.0,10.0,0.0,4.0,0
28.0,female,5.0,0.0,1.0,0.0,2.0,10.0,8.0,9.0,0
29.0,female,15.0,2.0,1.0,4.0,3.0,11.0,8.0,12.0,0
28.0,male,5.0,4.0,0.0,4.0,3.0,3.0,7.0,6.0,0
37.0,male,12.0,4.0,0.0,6.0,5.0,3.0,7.0,7.0,0
19.0,male,7.0,6.0,0.0,3.0,,9.0,9.0,8.0,0
37.0,male,17.0,3.0,0.0,4.0,4.0,1.0,6.0,15.0,0
28.0,male,26.0,7.0,1.0,3.0,2.0,13.0,13.0,5.0,0
34.0,male,1.0,3.0,0.0,2.0,0.0,4.0,1.0,,0
23.0,male,6.0,2.0,0.0,3.0,5.0,9.0,1.0,12.0,0
40.0,male,7.0,5.0,0.0,4.0,5.0,6.0,1.0,4.0,0
40.0,male,9.0,4.0,0.0,2.0,3.0,0.0,1.0,14.0,0
38.0,male,8.0,3.0,1.0,5.0,4.0,13.0,12.0,4.0,1
20.0,male,,4.0,1.0,5.0,2.0,0.0,2.0,1.0,0
37.0,male,26.0,6.0,1.0,3.0,8.0,12.0,18.0,10.0,1
34.0,male,9.0,4.0,0.0,3.0,6.0,9.0,7.0,4.0,0
20.0,male,13.0,4.0,0.0,1.0,5.0,3.0,7.0,12.0,0
31.0,female,13.0,2.0,1.0,1.0,4.0,2.0,1.0,19.0,0
34.0,female,3.0,4.0,0.0,0.0,5.0,4.0,1.0,1.0,0
35.0,male,8.0,2.0,0.0,3.0,2.0,2.0,6.0,2.0,0
32.0,male,15.0,3.0,0.0,4.0,3.0,8.0,7.0,1.0,0
33.0,male,21.0,5.0,0.0,,5.0,5.0,2.0,0.0,0
41.0,male,8.0,6.0,0.0,,4.0,3.0,4.0,1.0,0
40.0,male,4.0,4.0,0.0,4.0,4.0,5.0,10.0,11.0,0
19.0,male,7.0,3.0,0.0,6.0,2.0,14.0,1.0,8.0,0
29.0,female,8.0,3.0,1.0,2.0,3.0,2.0,5.0,5.0,0
30.0,female,8.0,5.0,0.0,1.0,3.0,2.0,5.0,8.0,0
19.0,male,6.0,0.0,0.0,2.0,,3.0,0.0,0.0,0
32.0,male,4.0,5.0,0.0,7.0,5.0,6.0,9.0,6.0,0
40.0,Male,5.0,0.0,0.0,3.0,4.0,15.0,10.0,9.0,0
23.0,other,7.0,1.0,0.0,5.0,2.0,10.0,0.0,7.0,0
33.0,male,15.0,4.0,1.0,5.0,2.0,6.0,5.0,3.0,0
25.0,male,18.0,10.0,0.0,0.0,3.0,9.0,3.0,3.0,0
26.0,male,10.0,8.0,0.0,2.0,0.0,2.0,1.0,5.0,0
41.0,male,5.0,5.0,1.0,6.0,8.0,17.0,14.0,10.0,1
27.0,male,7.0,5.0,0.0,3.0,3.0,9.0,0.0,2.0,0
34.0,male,2.0,0.0,0.0,,7.0,1.0,0.0,0.0,0
19.0,Male,,6.0,0.0,1.0,0.0,4.0,4.0,17.0,0
44.0,male,6.0,3.0,0.0,1.0,,0.0,0.0,4.0,0
35.0,male,12.0,3.0,0.0,3.0,7.0,7.0,10.0,6.0,0
30.0,male,17.0,5.0,0.0,2.0,6.0,10.0,10.0,2.0,0
35.0,male,24.0,5.0,1.0,3.0,4.0,11.0,9.0,5.0,0
21.0,female,16.0,7.0,0.0,6.0,5.0,8.0,4.0,4.0,0
39.0,male,8.0,0.0,0.0,1.0,5.0,9.0,0.0,11.0,0
29.0,male,13.0,5.0,1.0,0.0,5.0,12.0,12.0,11.0,1
30.0,male,24.0,4.0,1.0,7.0,2.0,14.0,17.0,8.0,0
28.0,male,6.0,3.0,0.0,0.0,0.0,2.0,6.0,2.0,0
27.0,male,3.0,4.0,1.0,1.0,1.0,2.0,2.0,6.0,0
36.0,male,6.0,1.0,1.0,2.0,6.0,0.0,0.0,5.0,0
33.0,male,13.0,5.0,0.0,5.0,9.0,12.0,13.0,10.0,1
36.0,male,8.0,3.0,0.0,4.0,5.0,12.0,11.0,,0
31.0,male,9.0,3.0,0.0,4.0,1.0,6.0,7.0,4.0,0
35.0,other,14.0,4.0,0.0,0.0,3.0,2.0,5.0,1.0,0
28.0,male,5.0,3.0,0.0,0.0,2.0,4.0,0.0,2.0,0
47.0,female,9.0,2.0,0.0,0.0,5.0,6.0,12.0,4.0,0
20.0,female,7.0,4.0,1.0,5.0,0.0,5.0,9.0,1.0,1
40.0,male,23.0,5.0,0.0,6.0,10.0,13.0,13.0,16.0,1
41.0,male,15.0,3.0,0.0,3.0,5.0,5.0,0.0,4.0,0
25.0,male,8.0,7.0,1.0,7.0,6.0,9.0,4.0,8.0,1
47.0,male,7.0,5.0,1.0,5.0,3.0,11.0,8.0,8.0,0
38.0,male,25.0,5.0,1.0,2.0,5.0,2.0,0.0,2.0,0
38.0,male,24.0,6.0,0.0,4.0,5.0,5.0,9.0,13.0,0
31.0,M,13.0,2.0,0.0,2.0,4.0,10.0,6.0,19.0,0
29.0,male,,3.0,0.0,0.0,4.0,1.0,4.0,3.0,0
30.0,male,4.0,3.0,0.0,3.0,4.0,11.0,11.0,6.0,0
34.0,male,6.0,1.0,0.0,2.0,5.0,7.0,9.0,7.0,0
41.0,male,4.0,4.0,1.0,7.0,6.0,2.0,8.0,3.0,0
32.0,female,18.0,4.0,0.0,4.0,4.0,11.0,13.0,1.0,0
25.0,male,4.0,3.0,0.0,0.0,2.0,4.0,5.0,9.0,0
37.0,male,7.0,3.0,0.0,2.0,6.0,7.0,4.0,3.0,0
37.0,male,2.0,10.0,0.0,4.0,2.0,12.0,8.0,5.0,0
36.0,male,3.0,2.0,0.0,1.0,0.0,6.0,2.0,4.0,0
36.0,male,,0.0,0.0,3.0,3.0,5.0,5.0,2.0,0
29.0,male,12.0,1.0,0.0,3.0,1.0,7.0,0.0,3.0,0
24.0,male,10.0,6.0,1.0,0.0,2.0,5.0,7.0,1.0,0
25.0,female,7.0,7.0,0.0,0.0,6.0,5.0,11.0,1.0,0
20.0,female,3.0,2.0,0.0,2.0,2.0,0.0,9.0,2.0,0
33.0,male,7.0,7.0,1.0,7.0,3.0,13.0,20.0,6.0,0
30.0,male,9.0,6.0,0.0,3.0,3.0,12.0,16.0,,1
28.0,male,,4.0,0.0,6.0,5.0,11.0,16.0,7.0,0
19.0,male,,4.0,0.0,3.0,3.0,2.0,7.0,8.0,0
22.0,male,15.0,5.0,0.0,4.0,2.0,35.0,0.0,6.0,0
39.0,male,11.0,6.0,0.0,6.0,6.0,7.0,1.0,10.0,0
26.0,male,10.0,5.0,0.0,5.0,3.0,0.0,4.0,2.0,0
34.0,male,,3.0,0.0,0.0,0.0,8.0,6.0,4.0,0
21.0,male,7.0,3.0,0.0,2.0,1.0,0.0,2.0,1.0,0
41.0,male,10.0,9.0,0.0,6.0,3.0,14.0,1.0,4.0,0
30.0,M,9.0,5.0,1.0,5.0,5.0,14.0,9.0,5.0,1
33.0,male,30.0,9.0,1.0,6.0,7.0,10.0,14.0,5.0,1
47.0,M,11.0,6.0,0.0,2.0,7.0,12.0,7.0,9.0,0
42.0,female,,4.0,0.0,9.0,7.0,19.0,12.0,13.0,1
29.0,male,7.0,4.0,0.0,0.0,0.0,4.0,1.0,0.0,0
27.0,male,8.0,6.0,0.0,,5.0,5.0,8.0,2.0,0
29.0,male,16.0,7.0,0.0,1.0,3.0,13.0,9.0,0.0,1
35.0,male,12.0,5.0,1.0,0.0,5.0,9.0,8.0,,0
30.0,male,11.0,3.0,0.0,0.0,4.0,6.0,4.0,0.0,0
28.0,male,20.0,6.0,0.0,8.0,2.0,2.0,6.0,,0
41.0,female,24.0,6.0,0.0,2.0,0.0,0.0,9.0,3.0,0
30.0,male,14.0,4.0,1.0,1.0,3.0,7.0,10.0,5.0,0
47.0,male,8.0,10.0,0.0,2.0,4.0,5.0,10.0,5.0,0
32.0,male,8.0,1.0,0.0,0.0,2.0,3.0,0.0,3.0,0
43.0,male,1.0,5.0,1.0,5.0,4.0,2.0,9.0,10.0,0
34.0,male,18.0,3.0,0.0,2.0,3.0,11.0,11.0,2.0,0
38.0,male,8.0,4.0,0.0,3.0,0.0,3.0,5.0,9.0,0
26.0,male,9.0,10.0,0.0,1.0,6.0,8.0,0.0,6.0,1
25.0,male,7.0,2.0,0.0,6.0,0.0,3.0,0.0,7.0,0
34.0,male,5.0,2.0,0.0,5.0,3.0,6.0,5.0,6.0,0
38.0,male,29.0,6.0,0.0,2.0,2.0,1.0,11.0,1.0,0
31.0,female,9.0,2.0,0.0,1.0,4.0,8.0,3.0,2.0,0
22.0,male,21.0,7.0,0.0,1.0,4.0,6.0,0.0,6.0,0
21.0,other,8.0,3.0,1.0,0.0,0.0,3.0,0.0,6.0,0
21.0,female,,5.0,0.0,1.0,5.0,9.0,6.0,3.0,1
19.0,female,14.0,2.0,1.0,,3.0,6.0,8.0,4.0,0
32.0,male,17.0,1.0,1.0,0.0,1.0,0.0,1.0,4.0,0
39.0,male,18.0,5.0,1.0,0.0,4.0,4.0,10.0,10.0,0
31.0,male,9.0,1.0,0.0,0.0,1.0,4.0,2.0,2.0,0
19.0,Male,14.0,8.0,0.0,8.0,4.0,16.0,19.0,11.0,1
30.0,male,7.0,0.0,0.0,0.0,2.0,5.0,3.0,12.0,0
30.0,male,10.0,2.0,0.0,3.0,3.0,6.0,0.0,21.0,0
46.0,female,8.0,5.0,0.0,6.0,5.0,11.0,1.0,10.0,0
21.0,male,7.0,3.0,0.0,0.0,3.0,2.0,10.0,2.0,0
28.0,male,10.0,1.0,0.0,4.0,4.0,2.0,9.0,1.0,0
43.0,male,5.0,8.0,0.0,3.0,1.0,5.0,5.0,8.0,0
34.0,male,16.0,3.0,1.0,4.0,2.0,5.0,0.0,13.0,0
35.0,male,7.0,3.0,0.0,3.0,6.0,5.0,10.0,6.0,0
32.0,male,16.0,4.0,0.0,0.0,0.0,7.0,0.0,7.0,0
33.0,male,5.0,5.0,0.0,4.0,3.0,6.0,3.0,9.0,0
36.0,male,7.0,5.0,0.0,6.0,3.0,10.0,11.0,7.0,0
25.0,Male,5.0,2.0,0.0,3.0,4.0,13.0,7.0,10.0,0
37.0,male,4.0,3.0,0.0,2.0,7.0,2.0,12.0,2.0,0
21.0,male,6.0,3.0,0.0,7.0,6.0,8.0,16.0,6.0,0
33.0,male,5.0,5.0,0.0,2.0,0.0,8.0,0.0,4.0,0
32.0,male,5.0,1.0,0.0,3.0,6.0,6.0,2.0,5.0,0
27.0,male,10.0,9.0,1.0,4.0,10.0,20.0,14.0,5.0,1
31.0,male,13.0,3.0,1.0,4.0,8.0,7.0,11.0,8.0,1
27.0,male,14.0,5.0,0.0,6.0,8.0,17.0,13.0,11.0,1
23.0,male,3.0,1.0,0.0,2.0,0.0,10.0,8.0,5.0,0
29.0,male,8.0,1.0,0.0,1.0,1.0,0.0,0.0,8.0,0
23.0,female,8.0,2.0,1.0,4.0,7.0,5.0,7.0,10.0,0
33.0,male,20.0,3.0,0.0,2.0,2.0,3.0,0.0,0.0,0
23.0,female,8.0,3.0,0.0,6.0,7.0,5.0,9.0,7.0,0
36.0,male,9.0,2.0,1.0,6.0,2.0,7.0,7.0,6.0,0
23.0,male,4.0,5.0,0.0,4.0,4.0,5.0,7.0,3.0,0
27.0,M,6.0,2.0,0.0,7.0,0.0,15.0,17.0,2.0,0
27.0,male,3.0,1.0,0.0,3.0,2.0,9.0,6.0,3.0,0
40.0,other,10.0,3.0,0.0,,2.0,12.0,0.0,0.0,0
33.0,male,20.0,8.0,0.0,5.0,3.0,0.0,6.0,19.0,1
30.0,female,6.0,4.0,1.0,6.0,2.0,4.0,10.0,6.0,1
34.0,female,8.0,4.0,0.0,4.0,2.0,4.0,6.0,7.0,0
19.0,male,5.0,0.0,0.0,3.0,3.0,9.0,2.0,1.0,0
31.0,male,6.0,1.0,0.0,6.0,3.0,4.0,11.0,0.0,0
45.0,male,10.0,1.0,1.0,1.0,2.0,0.0,3.0,2.0,0
32.0,male,26.0,9.0,0.0,1.0,3.0,1.0,1.0,1.0,0
31.0,male,20.0,7.0,0.0,3.0,4.0,3.0,5.0,7.0,0
35.0,male,23.0,4.0,0.0,0.0,4.0,0.0,0.0,1.0,0
37.0,female,16.0,4.0,0.0,0.0,0.0,10.0,4.0,20.0,0
19.0,male,8.0,2.0,1.0,4.0,5.0,0.0,2.0,8.0,0
19.0,male,8.0,2.0,1.0,0.0,4.0,2.0,0.0,11.0,0
32.0,male,6.0,5.0,1.0,4.0,4.0,8.0,8.0,6.0,0
26.0,male,1.0,2.0,1.0,0.0,3.0,4.0,5.0,6.0,0
40.0,female,8.0,9.0,0.0,5.0,4.0,4.0,5.0,14.0,0
29.0,M,20.0,8.0,0.0,1.0,4.0,3.0,1.0,2.0,0
19.0,female,20.0,8.0,0.0,1.0,6.0,7.0,7.0,7.0,0
22.0,male,31.0,8.0,0.0,4.0,2.0,13.0,8.0,5.0,0
19.0,female,11.0,3.0,0.0,1.0,4.0,9.0,3.0,7.0,0
29.0,male,4.0,5.0,1.0,3.0,1.0,5.0,6.0,3.0,1
30.0,male,13.0,4.0,0.0,4.0,4.0,12.0,8.0,4.0,0
28.0,male,26.0,10.0,0.0,5.0,7.0,9.0,12.0,7.0,1
39.0,male,,7.0,0.0,0.0,0.0,0.0,3.0,4.0,0
39.0,male,7.0,4.0,1.0,1.0,0.0,5.0,4.0,8.0,0
30.0,male,4.0,4.0,1.0,3.0,4.0,8.0,8.0,2.0,1
19.0,male,4.0,7.0,0.0,4.0,6.0,5.0,10.0,5.0,0
35.0,male,6.0,1.0,1.0,,3.0,5.0,4.0,0.0,0
35.0,male,7.0,8.0,1.0,2.0,1.0,5.0,10.0,5.0,1
33.0,male,8.0,4.0,0.0,5.0,3.0,19.0,16.0,9.0,1
38.0,male,14.0,2.0,1.0,5.0,3.0,0.0,4.0,4.0,0
23.0,male,8.0,2.0,0.0,7.0,1.0,7.0,6.0,14.0,0
45.0,male,10.0,1.0,0.0,0.0,2.0,3.0,0.0,2.0,0
24.0,male,3.0,5.0,0.0,,6.0,12.0,4.0,10.0,1
36.0,male,6.0,1.0,0.0,4.0,3.0,4.0,8.0,7.0,0
19.0,male,6.0,4.0,0.0,3.0,8.0,12.0,10.0,6.0,0
24.0,male,3.0,6.0,0.0,,7.0,10.0,10.0,10.0,1
42.0,female,8.0,2.0,0.0,3.0,5.0,0.0,8.0,4.0,0
29.0,male,3.0,3.0,0.0,6.0,5.0,1.0,2.0,5.0,0
37.0,male,7.0,1.0,0.0,2.0,5.0,9.0,3.0,6.0,0
33.0,male,10.0,3.0,0.0,6.0,4.0,2.0,5.0,4.0,0
30.0,male,21.0,10.0,0.0,1.0,,9.0,0.0,1.0,0
41.0,male,5.0,5.0,0.0,4.0,6.0,11.0,9.0,6.0,0
29.0,male,10.0,4.0,1.0,6.0,2.0,12.0,2.0,5.0,0
19.0,male,6.0,2.0,1.0,5.0,8.0,14.0,12.0,14.0,1
25.0,male,3.0,3.0,0.0,3.0,2.0,5.0,10.0,2.0,0
35.0,male,21.0,6.0,0.0,3.0,2.0,0.0,0.0,13.0,0
34.0,male,11.0,3.0,0.0,3.0,3.0,0.0,3.0,2.0,0
20.0,other,13.0,6.0,1.0,5.0,4.0,7.0,10.0,6.0,1
26.0,female,23.0,4.0,0.0,3.0,8.0,13.0,11.0,7.0,1
27.0,female,7.0,2.0,0.0,5.0,3.0,4.0,0.0,3.0,0
28.0,female,4.0,4.0,0.0,2.0,5.0,9.0,11.0,4.0,1
21.0,male,,1.0,0.0,1.0,2.0,4.0,0.0,4.0,0
27.0,male,4.0,5.0,0.0,0.0,4.0,8.0,4.0,8.0,0
26.0,male,18.0,5.0,0.0,4.0,5.0,14.0,14.0,11.0,0
36.0,male,26.0,2.0,0.0,2.0,4.0,5.0,24.0,4.0,0
37.0,male,10.0,4.0,0.0,2.0,4.0,3.0,8.0,6.0,1
30.0,female,,1.0,0.0,0.0,4.0,10.0,0.0,0.0,0
28.0,male,,6.0,0.0,7.0,6.0,10.0,6.0,3.0,0
32.0,male,23.0,5.0,1.0,2.0,4.0,7.0,8.0,12.0,0
25.0,male,26.0,10.0,0.0,1.0,5.0,14.0,6.0,8.0,1
23.0,male,2.0,6.0,1.0,6.0,6.0,8.0,10.0,7.0,1
24.0,male,6.0,1.0,0.0,5.0,1.0,6.0,1.0,8.0,0
27.0,male,9.0,0.0,1.0,4.0,3.0,8.0,10.0,4.0,0
23.0,male,6.0,2.0,1.0,3.0,0.0,8.0,5.0,5.0,0
32.0,male,8.0,1.0,1.0,4.0,0.0,0.0,0.0,0.0,0
36.0,female,12.0,8.0,1.0,5.0,6.0,7.0,5.0,3.0,1
20.0,male,2.0,3.0,0.0,3.0,2.0,7.0,2.0,5.0,0
31.0,male,12.0,6.0,0.0,3.0,4.0,8.0,5.0,7.0,0
29.0,male,16.0,4.0,0.0,4.0,3.0,11.0,3.0,4.0,0
33.0,male,10.0,4.0,0.0,0.0,5.0,8.0,5.0,3.0,0
31.0,male,1.0,3.0,1.0,3.0,4.0,7.0,10.0,11.0,1
21.0,female,8.0,6.0,0.0,7.0,6.0,12.0,3.0,6.0,0
22.0,male,11.0,5.0,0.0,7.0,5.0,7.0,15.0,9.0,0
31.0,male,17.0,3.0,1.0,4.0,4.0,7.0,9.0,4.0,0
38.0,male,15.0,8.0,0.0,0.0,5.0,10.0,2.0,6.0,0
19.0,male,9.0,3.0,0.0,1.0,4.0,4.0,6.0,1.0,0
33.0,male,6.0,3.0,0.0,1.0,4.0,7.0,1.0,2.0,0
39.0,male,9.0,0.0,1.0,2.0,3.0,4.0,8.0,,0
30.0,female,3.0,5.0,1.0,1.0,7.0,5.0,5.0,5.0,0
35.0,male,7.0,4.0,0.0,1.0,2.0,5.0,1.0,1.0,0
26.0,male,18.0,5.0,0.0,7.0,0.0,4.0,6.0,2.0,0
30.0,male,9.0,3.0,0.0,3.0,4.0,1.0,0.0,4.0,0
20.0,male,12.0,3.0,0.0,3.0,4.0,9.0,10.0,4.0,0
19.0,female,4.0,3.0,0.0,1.0,4.0,7.0,9.0,6.0,0
38.0,male,17.0,6.0,1.0,2.0,5.0,6.0,9.0,5.0,1
24.0,male,9.0,5.0,0.0,0.0,0.0,7.0,5.0,6.0,0
28.0,male,11.0,4.0,0.0,0.0,0.0,4.0,9.0,1.0,0
21.0,male,13.0,7.0,0.0,3.0,6.0,0.0,5.0,1.0,0
21.0,male,16.0,5.0,0.0,3.0,1.0,0.0,10.0,10.0,1
30.0,Male,10.0,3.0,0.0,0.0,4.0,7.0,15.0,1.0,0
26.0,male,9.0,5.0,0.0,3.0,0.0,3.0,5.0,5.0,0
34.0,male,4.0,0.0,0.0,6.0,1.0,1.0,3.0,4.0,0
34.0,male,3.0,4.0,1.0,,6.0,10.0,4.0,12.0,0
33.0,male,10.0,1.0,0.0,3.0,1.0,5.0,0.0,5.0,0
33.0,male,11.0,2.0,0.0,4.0,6.0,6.0,14.0,3.0,0
42.0,male,13.0,0.0,1.0,5.0,4.0,11.0,6.0,14.0,0
24.0,male,5.0,3.0,0.0,5.0,2.0,10.0,6.0,8.0,0
31.0,male,7.0,7.0,0.0,1.0,4.0,15.0,15.0,6.0,0
39.0,male,10.0,4.0,0.0,6.0,1.0,11.0,3.0,2.0,0
40.0,male,7.0,5.0,0.0,2.0,6.0,7.0,2.0,6.0,0
21.0,male,32.0,10.0,0.0,3.0,8.0,8.0,17.0,8.0,1
29.0,female,,5.0,0.0,2.0,2.0,6.0,6.0,1.0,0
41.0,male,12.0,3.0,0.0,4.0,2.0,8.0,4.0,6.0,0
35.0,male,15.0,3.0,0.0,,3.0,2.0,2.0,,0
32.0,male,16.0,5.0,0.0,,4.0,3.0,5.0,5.0,0
29.0,male,7.0,2.0,0.0,2.0,0.0,0.0,5.0,1.0,0
28.0,male,13.0,3.0,0.0,4.0,5.0,8.0,10.0,5.0,0
33.0,male,12.0,7.0,1.0,4.0,4.0,7.0,8.0,3.0,0
29.0,male,13.0,7.0,0.0,4.0,5.0,7.0,16.0,12.0,0
31.0,male,10.0,1.0,0.0,4.0,8.0,9.0,12.0,4.0,0
32.0,female,15.0,3.0,0.0,5.0,2.0,1.0,6.0,5.0,0
26.0,male,11.0,3.0,0.0,6.0,8.0,6.0,20.0,3.0,1
35.0,male,4.0,5.0,0.0,4.0,7.0,10.0,6.0,,0
51.0,female,11.0,7.0,0.0,5.0,5.0,11.0,12.0,8.0,0
19.0,female,11.0,10.0,0.0,5.0,1.0,5.0,7.0,5.0,0
33.0,male,14.0,4.0,0.0,10.0,6.0,11.0,15.0,6.0,0
26.0,male,10.0,3.0,1.0,,2.0,2.0,3.0,4.0,0
35.0,male,24.0,7.0,0.0,3.0,4.0,6.0,8.0,7.0,0
31.0,M,9.0,3.0,0.0,0.0,0.0,3.0,11.0,3.0,0
36.0,male,7.0,4.0,0.0,3.0,6.0,10.0,12.0,18.0,0
39.0,male,20.0,4.0,0.0,2.0,5.0,6.0,6.0,10.0,0
32.0,male,9.0,0.0,0.0,3.0,4.0,4.0,0.0,1.0,0
39.0,male,10.0,4.0,0.0,1.0,2.0,1.0,5.0,9.0,0
19.0,male,11.0,4.0,1.0,6.0,2.0,8.0,3.0,1.0,0
42.0,male,11.0,7.0,0.0,0.0,3.0,6.0,7.0,3.0,0
34.0,male,13.0,5.0,0.0,0.0,4.0,3.0,3.0,0.0,0
39.0,male,14.0,2.0,0.0,3.0,4.0,4.0,6.0,7.0,0
22.0,female,6.0,3.0,0.0,0.0,2.0,3.0,6.0,0.0,0
25.0,male,4.0,0.0,1.0,1.0,4.0,3.0,14.0,2.0,0
32.0,male,5.0,1.0,0.0,3.0,4.0,7.0,10.0,10.0,0
31.0,male,19.0,7.0,0.0,2.0,5.0,6.0,9.0,2.0,0
33.0,male,8.0,3.0,1.0,4.0,5.0,5.0,8.0,10.0,0
39.0,male,15.0,7.0,0.0,2.0,5.0,6.0,6.0,6.0,0
19.0,male,14.0,0.0,0.0,3.0,6.0,9.0,5.0,6.0,0
38.0,male,10.0,4.0,0.0,2.0,4.0,0.0,3.0,8.0,0
31.0,male,5.0,3.0,0.0,2.0,2.0,0.0,0.0,0.0,0
30.0,male,14.0,7.0,0.0,6.0,2.0,1.0,0.0,1.0,0
21.0,male,10.0,6.0,1.0,6.0,4.0,19.0,15.0,5.0,1
35.0,male,4.0,5.0,1.0,4.0,5.0,9.0,13.0,18.0,1
19.0,female,7.0,7.0,0.0,3.0,3.0,6.0,6.0,2.0,0
36.0,male,3.0,3.0,1.0,4.0,3.0,8.0,0.0,4.0,0
21.0,male,7.0,7.0,1.0,5.0,6.0,12.0,10.0,15.0,0
31.0,male,10.0,2.0,0.0,5.0,5.0,8.0,0.0,3.0,0
30.0,male,9.0,2.0,1.0,2.0,9.0,7.0,11.0,11.0,1
39.0,male,8.0,6.0,0.0,2.0,6.0,10.0,11.0,13.0,0
30.0,male,10.0,1.0,0.0,4.0,1.0,12.0,0.0,7.0,0
26.0,male,13.0,6.0,0.0,4.0,2.0,8.0,6.0,6.0,0
27.0,male,16.0,5.0,0.0,1.0,2.0,4.0,8.0,8.0,0
40.0,male,,7.0,1.0,1.0,4.0,0.0,4.0,1.0,1
35.0,male,6.0,4.0,0.0,6.0,4.0,4.0,6.0,5.0,1
28.0,male,18.0,5.0,1.0,2.0,3.0,9.0,16.0,12.0,1
29.0,male,10.0,5.0,0.0,0.0,3.0,11.0,9.0,3.0,0
20.0,female,,3.0,0.0,3.0,2.0,4.0,4.0,3.0,0
34.0,male,5.0,2.0,0.0,4.0,1.0,7.0,9.0,8.0,0
19.0,male,1.0,4.0,0.0,,8.0,13.0,7.0,4.0,0
36.0,male,12.0,4.0,0.0,1.0,3.0,9.0,11.0,7.0,0
32.0,male,12.0,4.0,0.0,3.0,6.0,5.0,15.0,6.0,0
48.0,male,7.0,4.0,0.0,5.0,2.0,13.0,0.0,25.0,0
23.0,male,7.0,7.0,0.0,,4.0,2.0,5.0,8.0,0
30.0,male,9.0,3.0,0.0,0.0,3.0,0.0,5.0,5.0,0
44.0,male,8.0,3.0,0.0,1.0,4.0,3.0,2.0,0.0,0
39.0,male,6.0,0.0,0.0,4.0,5.0,7.0,15.0,5.0,0
26.0, FEMALE ,5.0,4.0,0.0,3.0,8.0,7.0,10.0,3.0,0
33.0,male,18.0,7.0,1.0,4.0,,8.0,13.0,12.0,1
31.0,other,7.0,6.0,0.0,7.0,8.0,12.0,17.0,5.0,1
33.0,male,12.0,5.0,1.0,4.0,4.0,6.0,11.0,4.0,1
26.0, FEMALE ,13.0,7.0,0.0,5.0,2.0,7.0,3.0,7.0,0
30.0,male,12.0,6.0,0.0,5.0,9.0,1.0,6.0,5.0,0
20.0,male,14.0,7.0,1.0,2.0,6.0,0.0,0.0,2.0,0
32.0,male,12.0,7.0,1.0,1.0,0.0,6.0,13.0,6.0,1
34.0,female,6.0,7.0,0.0,1.0,4.0,3.0,2.0,2.0,0
29.0,male,8.0,4.0,0.0,0.0,5.0,6.0,3.0,5.0,0
20.0,male,,2.0,0.0,3.0,4.0,11.0,2.0,8.0,0
38.0,male,7.0,5.0,0.0,3.0,7.0,6.0,17.0,3.0,0
34.0,female,10.0,6.0,1.0,1.0,7.0,2.0,7.0,2.0,1
26.0,male,13.0,8.0,0.0,5.0,6.0,7.0,13.0,17.0,0
29.0,M,21.0,8.0,0.0,2.0,9.0,14.0,4.0,16.0,0
20.0,male,17.0,9.0,0.0,2.0,6.0,13.0,12.0,6.0,1
24.0,female,5.0,5.0,0.0,2.0,3.0,9.0,0.0,6.0,0
27.0,male,12.0,5.0,0.0,3.0,5.0,5.0,8.0,8.0,0
40.0,male,11.0,1.0,0.0,4.0,6.0,6.0,2.0,3.0,0
27.0,male,8.0,5.0,1.0,3.0,,7.0,7.0,4.0,0
35.0,female,10.0,3.0,0.0,3.0,0.0,1.0,0.0,0.0,0
27.0,female,6.0,4.0,0.0,1.0,1.0,0.0,8.0,0.0,1
33.0,M,9.0,4.0,0.0,2.0,4.0,3.0,6.0,3.0,1
30.0,male,7.0,5.0,0.0,7.0,3.0,4.0,3.0,3.0,0
37.0,male,10.0,4.0,0.0,0.0,0.0,0.0,8.0,1.0,0
27.0,female,8.0,6.0,0.0,6.0,7.0,12.0,6.0,5.0,0
20.0,male,22.0,0.0,1.0,5.0,2.0,7.0,1.0,6.0,0
21.0,male,10.0,5.0,1.0,4.0,7.0,4.0,8.0,2.0,0
27.0,male,9.0,7.0,1.0,4.0,6.0,11.0,0.0,8.0,0
22.0,male,8.0,8.0,1.0,8.0,9.0,13.0,16.0,7.0,1
34.0,male,8.0,6.0,0.0,2.0,4.0,12.0,1.0,7.0,0
28.0,male,4.0,7.0,0.0,2.0,7.0,11.0,5.0,2.0,1
48.0,female,15.0,5.0,0.0,0.0,2.0,4.0,8.0,0.0,1
19.0,male,20.0,5.0,1.0,1.0,3.0,3.0,1.0,2.0,0
32.0,male,7.0,5.0,0.0,1.0,5.0,3.0,8.0,1.0,0
23.0,male,18.0,5.0,0.0,,10.0,14.0,11.0,12.0,1
28.0,male,32.0,5.0,0.0,1.0,2.0,7.0,6.0,0.0,0
32.0,female,26.0,5.0,0.0,2.0,4.0,1.0,3.0,2.0,0
19.0,male,19.0,3.0,0.0,0.0,3.0,7.0,4.0,16.0,0
33.0,male,5.0,5.0,0.0,3.0,5.0,9.0,13.0,1.0,0
44.0,male,5.0,4.0,0.0,0.0,3.0,0.0,7.0,4.0,0
28.0,male,,4.0,0.0,3.0,2.0,8.0,10.0,7.0,0
33.0,male,10.0,3.0,1.0,3.0,3.0,7.0,1.0,6.0,0
38.0,male,2.0,4.0,0.0,5.0,6.0,0.0,4.0,6.0,0
30.0,male,7.0,6.0,0.0,4.0,2.0,0.0,10.0,5.0,0
27.0,male,13.0,2.0,0.0,4.0,5.0,5.0,11.0,9.0,0
19.0,male,9.0,1.0,0.0,3.0,5.0,10.0,10.0,10.0,0
35.0,male,10.0,6.0,1.0,5.0,6.0,13.0,6.0,6.0,1
30.0,female,5.0,1.0,0.0,3.0,4.0,8.0,5.0,1.0,0
24.0,male,7.0,5.0,1.0,3.0,,10.0,16.0,10.0,1
32.0,other,14.0,8.0,0.0,6.0,6.0,7.0,10.0,7.0,0
27.0,male,7.0,7.0,0.0,,7.0,5.0,18.0,8.0,1
27.0,male,18.0,7.0,1.0,2.0,5.0,6.0,3.0,6.0,0
35.0,male,10.0,6.0,0.0,2.0,0.0,9.0,9.0,3.0,0
22.0,male,12.0,9.0,1.0,4.0,5.0,14.0,8.0,10.0,1
38.0,male,14.0,0.0,0.0,0.0,0.0,8.0,11.0,3.0,0
21.0,male,13.0,4.0,0.0,4.0,7.0,12.0,13.0,19.0,1
26.0,male,5.0,5.0,0.0,6.0,6.0,11.0,14.0,16.0,0
44.0,male,6.0,3.0,0.0,1.0,5.0,6.0,7.0,19.0,0
39.0,male,2.0,6.0,1.0,4.0,2.0,6.0,0.0,3.0,0
32.0,female,8.0,4.0,0.0,0.0,3.0,0.0,0.0,1.0,0
24.0, FEMALE ,5.0,4.0,0.0,7.0,0.0,5.0,4.0,11.0,1
27.0,male,7.0,3.0,0.0,0.0,2.0,1.0,0.0,3.0,0
32.0,male,8.0,3.0,0.0,3.0,1.0,10.0,13.0,9.0,0
31.0,male,,3.0,0.0,0.0,1.0,0.0,7.0,6.0,0
30.0,male,,5.0,1.0,2.0,7.0,5.0,0.0,2.0,0
31.0,male,9.0,2.0,0.0,5.0,5.0,0.0,4.0,6.0,0
29.0,male,12.0,7.0,0.0,6.0,,12.0,11.0,11.0,1
21.0,male,9.0,6.0,0.0,5.0,3.0,10.0,2.0,4.0,0
27.0,female,16.0,7.0,0.0,1.0,3.0,11.0,10.0,3.0,0
37.0,male,9.0,2.0,0.0,4.0,4.0,8.0,11.0,12.0,0
21.0,male,21.0,2.0,0.0,2.0,,10.0,11.0,17.0,0
30.0,female,5.0,4.0,0.0,1.0,5.0,10.0,14.0,6.0,1
25.0,male,8.0,10.0,1.0,5.0,2.0,11.0,7.0,5.0,1
32.0,male,6.0,7.0,0.0,2.0,2.0,5.0,2.0,0.0,0
28.0,female,11.0,3.0,0.0,3.0,0.0,3.0,2.0,5.0,0
41.0,female,5.0,5.0,1.0,5.0,6.0,6.0,8.0,4.0,0
35.0,M,4.0,5.0,1.0,5.0,3.0,8.0,9.0,,0
22.0,male,6.0,1.0,1.0,5.0,0.0,2.0,7.0,8.0,1
36.0,male,4.0,6.0,0.0,2.0,7.0,4.0,15.0,9.0,1
26.0,male,9.0,4.0,1.0,6.0,5.0,2.0,10.0,3.0,1
27.0,male,11.0,4.0,1.0,6.0,3.0,5.0,1.0,14.0,0
33.0,male,3.0,3.0,1.0,2.0,7.0,8.0,0.0,4.0,0
28.0,male,8.0,6.0,0.0,2.0,7.0,12.0,15.0,8.0,0
37.0,male,17.0,3.0,1.0,1.0,3.0,18.0,14.0,5.0,0
26.0,male,19.0,2.0,0.0,3.0,5.0,5.0,8.0,11.0,1
27.0,male,14.0,5.0,1.0,6.0,2.0,6.0,0.0,6.0,0
26.0,male,2.0,0.0,0.0,2.0,4.0,7.0,10.0,0.0,0
27.0,male,10.0,4.0,1.0,1.0,4.0,9.0,7.0,4.0,0
39.0,Male,18.0,8.0,1.0,3.0,6.0,11.0,10.0,10.0,1
35.0,male,7.0,5.0,0.0,0.0,1.0,10.0,1.0,1.0,0
43.0,male,4.0,6.0,0.0,5.0,3.0,6.0,5.0,8.0,0
47.0,male,17.0,6.0,0.0,3.0,3.0,12.0,8.0,7.0,0
24.0,Male,18.0,10.0,1.0,8.0,2.0,11.0,9.0,3.0,0
31.0,male,9.0,3.0,0.0,4.0,3.0,2.0,2.0,3.0,0
23.0,male,4.0,4.0,1.0,6.0,6.0,11.0,10.0,4.0,1
26.0,male,3.0,2.0,1.0,1.0,2.0,0.0,0.0,1.0,0
27.0,male,11.0,6.0,0.0,1.0,1.0,13.0,14.0,5.0,0
24.0,female,6.0,4.0,0.0,3.0,5.0,10.0,14.0,10.0,1
24.0,male,9.0,8.0,0.0,1.0,3.0,12.0,5.0,9.0,0
30.0,male,8.0,3.0,1.0,4.0,3.0,5.0,0.0,5.0,0
22.0,male,5.0,7.0,0.0,4.0,5.0,3.0,11.0,6.0,1
37.0,male,3.0,5.0,1.0,4.0,2.0,14.0,2.0,7.0,1
25.0,male,7.0,4.0,1.0,4.0,3.0,7.0,5.0,6.0,1
51.0,male,10.0,5.0,0.0,1.0,3.0,0.0,0.0,5.0,0
28.0,male,10.0,5.0,1.0,0.0,4.0,6.0,0.0,7.0,0
32.0,male,6.0,5.0,0.0,4.0,4.0,13.0,7.0,8.0,0
22.0,male,18.0,5.0,0.0,1.0,5.0,2.0,1.0,4.0,0
43.0,male,,2.0,0.0,4.0,5.0,5.0,15.0,7.0,0
39.0,female,1.0,2.0,0.0,2.0,7.0,9.0,11.0,4.0,0
33.0,male,16.0,1.0,0.0,6.0,8.0,5.0,5.0,5.0,0
22.0,male,10.0,6.0,0.0,7.0,7.0,4.0,1.0,17.0,0
32.0,male,7.0,1.0,0.0,4.0,2.0,14.0,9.0,3.0,0
23.0,male,,4.0,0.0,5.0,5.0,6.0,5.0,10.0,1
41.0,male,8.0,5.0,0.0,4.0,6.0,2.0,11.0,3.0,0
37.0,M,4.0,5.0,0.0,,4.0,0.0,2.0,5.0,0
32.0,male,4.0,0.0,1.0,5.0,3.0,13.0,2.0,2.0,0
19.0,male,8.0,4.0,0.0,,4.0,0.0,0.0,0.0,0
24.0,female,7.0,5.0,0.0,4.0,5.0,11.0,8.0,12.0,0
36.0,male,16.0,5.0,1.0,2.0,8.0,17.0,11.0,2.0,0
39.0,male,7.0,7.0,1.0,0.0,0.0,12.0,1.0,3.0,0
39.0,male,6.0,2.0,0.0,5.0,2.0,8.0,7.0,12.0,0
20.0,male,6.0,0.0,1.0,3.0,2.0,15.0,6.0,11.0,1
33.0,male,5.0,5.0,0.0,,6.0,15.0,11.0,6.0,0
38.0,male,6.0,3.0,1.0,3.0,,5.0,6.0,2.0,0
19.0,male,4.0,0.0,0.0,3.0,,6.0,8.0,12.0,0
31.0,male,10.0,4.0,0.0,2.0,4.0,12.0,7.0,3.0,0
33.0,male,9.0,7.0,0.0,2.0,5.0,2.0,3.0,6.0,0
29.0,male,8.0,1.0,1.0,5.0,4.0,11.0,15.0,13.0,0
19.0,male,,8.0,0.0,4.0,6.0,35.0,9.0,9.0,1
29.0,male,12.0,3.0,0.0,0.0,2.0,2.0,3.0,9.0,0
29.0,male,12.0,5.0,0.0,7.0,2.0,7.0,5.0,4.0,0
30.0,male,21.0,3.0,1.0,1.0,3.0,7.0,6.0,2.0,0
999.0,male,12.0,5.0,0.0,1.0,5.0,7.0,3.0,8.0,0
28.0, FEMALE ,23.0,5.0,0.0,3.0,6.0,11.0,8.0,11.0,0
31.0,male,6.0,0.0,0.0,6.0,7.0,9.0,11.0,8.0,0
34.0,male,21.0,10.0,1.0,1.0,7.0,11.0,10.0,5.0,1
29.0,male,12.0,3.0,0.0,4.0,3.0,1.0,1.0,20.0,0
28.0,male,,3.0,1.0,1.0,5.0,4.0,8.0,2.0,1
32.0,male,8.0,6.0,0.0,3.0,2.0,6.0,2.0,5.0,0
19.0,M,7.0,8.0,0.0,1.0,1.0,1.0,0.0,10.0,0
34.0,male,6.0,6.0,0.0,7.0,3.0,10.0,8.0,5.0,0
31.0,male,22.0,3.0,0.0,5.0,3.0,12.0,11.0,10.0,0
31.0,male,8.0,4.0,0.0,0.0,2.0,6.0,0.0,0.0,0
38.0,male,12.0,0.0,0.0,2.0,5.0,2.0,6.0,7.0,0
19.0,male,14.0,7.0,1.0,4.0,3.0,5.0,11.0,3.0,0
19.0,male,14.0,1.0,0.0,3.0,4.0,9.0,5.0,5.0,0
33.0,male,10.0,2.0,0.0,3.0,1.0,3.0,0.0,0.0,0
31.0,male,21.0,6.0,0.0,2.0,0.0,2.0,0.0,7.0,0
32.0,male,12.0,5.0,0.0,0.0,6.0,5.0,5.0,5.0,0
28.0,male,6.0,3.0,0.0,3.0,,11.0,10.0,7.0,1
36.0,male,7.0,7.0,0.0,4.0,0.0,0.0,2.0,,0
38.0,male,3.0,5.0,0.0,1.0,3.0,10.0,2.0,7.0,1
34.0,male,11.0,6.0,0.0,7.0,7.0,10.0,16.0,5.0,1
29.0,female,13.0,2.0,1.0,2.0,4.0,10.0,3.0,8.0,0
19.0,male,13.0,8.0,0.0,3.0,9.0,4.0,12.0,9.0,1
36.0,male,12.0,3.0,1.0,7.0,3.0,10.0,13.0,4.0,1
40.0,male,8.0,8.0,0.0,1.0,4.0,9.0,10.0,,1
36.0,male,9.0,9.0,1.0,1.0,6.0,0.0,9.0,3.0,0
25.0,male,9.0,5.0,0.0,5.0,5.0,7.0,5.0,17.0,0
36.0,male,16.0,7.0,0.0,7.0,6.0,1.0,9.0,3.0,0
37.0,male,2.0,0.0,1.0,9.0,4.0,9.0,2.0,6.0,0
42.0,male,7.0,3.0,0.0,2.0,5.0,7.0,0.0,3.0,0
25.0,M,5.0,6.0,0.0,4.0,,4.0,2.0,5.0,0
29.0,other,26.0,8.0,1.0,6.0,5.0,6.0,9.0,6.0,1
36.0,male,18.0,2.0,0.0,6.0,3.0,9.0,7.0,6.0,0
31.0,male,7.0,3.0,0.0,4.0,4.0,6.0,8.0,8.0,0
23.0,female,4.0,0.0,0.0,3.0,5.0,1.0,3.0,0.0,0
34.0,M,4.0,4.0,0.0,3.0,,9.0,2.0,3.0,0
35.0,male,16.0,1.0,1.0,4.0,2.0,2.0,9.0,15.0,0
32.0,male,3.0,6.0,0.0,3.0,4.0,8.0,18.0,,0
33.0,female,9.0,7.0,0.0,3.0,3.0,9.0,5.0,10.0,0
29.0,male,14.0,4.0,0.0,2.0,3.0,2.0,3.0,1.0,0
41.0,male,4.0,5.0,1.0,0.0,5.0,11.0,1.0,16.0,0
25.0,female,9.0,4.0,1.0,2.0,7.0,11.0,13.0,8.0,1
27.0,male,7.0,4.0,0.0,2.0,4.0,9.0,4.0,10.0,0
31.0,Other,7.0,1.0,1.0,3.0,5.0,11.0,2.0,7.0,0
37.0,female,6.0,5.0,0.0,3.0,5.0,6.0,1.0,1.0,0
21.0,female,15.0,1.0,1.0,4.0,0.0,4.0,10.0,,0
22.0,male,20.0,1.0,0.0,1.0,3.0,1.0,5.0,7.0,0
19.0,male,8.0,4.0,0.0,0.0,0.0,3.0,6.0,7.0,0
31.0,male,,4.0,0.0,2.0,4.0,6.0,11.0,8.0,0
23.0,male,9.0,5.0,1.0,5.0,5.0,3.0,4.0,3.0,0
28.0,male,3.0,2.0,1.0,3.0,4.0,12.0,5.0,11.0,1
36.0,female,8.0,8.0,0.0,1.0,4.0,2.0,0.0,2.0,0
27.0,male,,4.0,0.0,2.0,3.0,5.0,0.0,4.0,0
33.0,male,7.0,4.0,0.0,3.0,4.0,8.0,10.0,9.0,0
29.0,male,9.0,5.0,0.0,4.0,9.0,10.0,14.0,11.0,1
36.0,male,14.0,7.0,0.0,2.0,5.0,10.0,13.0,7.0,1
34.0,male,11.0,6.0,0.0,3.0,5.0,8.0,8.0,4.0,0
26.0,male,15.0,6.0,0.0,5.0,5.0,6.0,2.0,4.0,0
30.0,male,5.0,5.0,0.0,4.0,,5.0,5.0,2.0,0
38.0,male,18.0,1.0,1.0,8.0,10.0,8.0,10.0,11.0,0
34.0,male,20.0,1.0,0.0,4.0,,1.0,1.0,6.0,0
21.0,male,2.0,3.0,0.0,8.0,5.0,7.0,11.0,4.0,0
36.0,male,3.0,3.0,0.0,4.0,3.0,12.0,2.0,10.0,0
23.0,male,9.0,5.0,0.0,4.0,3.0,9.0,7.0,9.0,0
41.0,female,7.0,4.0,0.0,3.0,4.0,8.0,13.0,13.0,0
38.0,male,7.0,5.0,1.0,5.0,3.0,11.0,14.0,8.0,0
33.0,male,11.0,2.0,0.0,1.0,,0.0,6.0,7.0,0
32.0,male,15.0,5.0,0.0,2.0,3.0,15.0,15.0,6.0,0
30.0,male,5.0,1.0,1.0,7.0,7.0,13.0,7.0,6.0,0
36.0,female,17.0,6.0,0.0,2.0,7.0,17.0,9.0,13.0,1
28.0,male,6.0,0.0,0.0,0.0,0.0,0.0,0.0,0.0,0
33.0,male,28.0,7.0,1.0,2.0,6.0,10.0,4.0,4.0,1
37.0,male,18.0,2.0,0.0,5.0,3.0,10.0,4.0,8.0,0
27.0,male,6.0,3.0,0.0,5.0,1.0,3.0,10.0,0.0,0
27.0,male,4.0,5.0,1.0,5.0,3.0,7.0,8.0,4.0,0
23.0,male,6.0,4.0,1.0,6.0,5.0,7.0,6.0,13.0,0
24.0,male,6.0,0.0,0.0,3.0,5.0,11.0,5.0,13.0,0
19.0,male,13.0,3.0,0.0,7.0,3.0,2.0,5.0,9.0,0
36.0,female,2.0,0.0,0.0,5.0,4.0,5.0,13.0,7.0,0
44.0,male,3.0,0.0,0.0,1.0,3.0,7.0,10.0,3.0,0
41.0,female,13.0,5.0,0.0,4.0,4.0,10.0,8.0,2.0,0
20.0,male,6.0,5.0,0.0,3.0,1.0,5.0,12.0,5.0,0
36.0,male,7.0,5.0,0.0,,5.0,12.0,11.0,3.0,0
41.0,male,14.0,6.0,0.0,1.0,6.0,14.0,13.0,19.0,1
28.0,male,16.0,5.0,0.0,4.0,4.0,10.0,2.0,4.0,0
32.0,male,18.0,5.0,0.0,1.0,8.0,10.0,16.0,6.0,1
19.0,female,14.0,2.0,0.0,0.0,1.0,5.0,6.0,9.0,0
33.0,male,8.0,3.0,1.0,4.0,5.0,17.0,1.0,4.0,0
24.0,male,8.0,1.0,0.0,2.0,4.0,8.0,14.0,5.0,1
32.0,male,7.0,2.0,0.0,0.0,3.0,7.0,3.0,4.0,0
20.0,male,4.0,4.0,1.0,0.0,3.0,19.0,12.0,5.0,0
35.0,male,5.0,3.0,0.0,0.0,2.0,3.0,0.0,0.0,0
38.0,male,17.0,10.0,0.0,4.0,6.0,6.0,12.0,5.0,0
26.0,male,6.0,1.0,0.0,1.0,0.0,0.0,0.0,8.0,0
23.0,male,4.0,3.0,1.0,6.0,6.0,10.0,10.0,16.0,0
19.0,male,17.0,2.0,0.0,6.0,2.0,8.0,4.0,7.0,0
29.0,male,10.0,3.0,1.0,3.0,2.0,6.0,3.0,,0
27.0,male,2.0,2.0,0.0,4.0,0.0,12.0,2.0,11.0,0
20.0,male,22.0,7.0,0.0,5.0,4.0,7.0,9.0,9.0,1
34.0,male,21.0,5.0,0.0,1.0,7.0,4.0,7.0,20.0,1
28.0,male,4.0,3.0,1.0,4.0,4.0,1.0,7.0,1.0,0
23.0,male,9.0,3.0,0.0,4.0,0.0,8.0,6.0,4.0,0
27.0,female,5.0,1.0,0.0,2.0,4.0,5.0,5.0,3.0,0
38.0,male,5.0,2.0,0.0,1.0,3.0,1.0,2.0,1.0,0
35.0,Male,7.0,3.0,0.0,3.0,0.0,3.0,10.0,3.0,0
30.0,female,13.0,5.0,0.0,0.0,2.0,0.0,5.0,16.0,0
35.0,male,13.0,6.0,0.0,1.0,6.0,6.0,14.0,3.0,0
23.0,male,12.0,4.0,0.0,2.0,3.0,7.0,12.0,26.0,0
31.0,female,8.0,3.0,1.0,5.0,1.0,5.0,7.0,11.0,0
32.0,female,13.0,1.0,0.0,3.0,0.0,4.0,0.0,12.0,0
28.0,male,4.0,5.0,1.0,7.0,5.0,8.0,7.0,15.0,0
34.0,male,10.0,3.0,0.0,2.0,4.0,5.0,11.0,8.0,0
26.0,male,9.0,6.0,0.0,4.0,6.0,10.0,14.0,8.0,0
35.0,other,8.0,7.0,1.0,8.0,7.0,14.0,16.0,7.0,1
35.0,female,11.0,4.0,1.0,0.0,3.0,0.0,0.0,0.0,0
19.0,Male,2.0,1.0,0.0,0.0,,1.0,0.0,4.0,0
39.0,male,5.0,4.0,0.0,0.0,4.0,7.0,2.0,4.0,0
19.0,male,12.0,5.0,1.0,4.0,6.0,12.0,6.0,4.0,1
27.0,male,9.0,3.0,1.0,6.0,2.0,13.0,9.0,6.0,1
38.0,Male,3.0,2.0,0.0,1.0,2.0,9.0,3.0,7.0,0
29.0,male,9.0,5.0,0.0,5.0,2.0,7.0,2.0,9.0,0
21.0,male,7.0,5.0,0.0,2.0,2.0,7.0,5.0,2.0,0
23.0,male,17.0,4.0,0.0,0.0,0.0,6.0,8.0,4.0,0
38.0,male,4.0,0.0,0.0,0.0,1.0,4.0,2.0,1.0,0
19.0,male,4.0,4.0,0.0,2.0,7.0,8.0,14.0,3.0,1
39.0,male,11.0,3.0,0.0,2.0,4.0,1.0,0.0,10.0,0
31.0,male,8.0,4.0,0.0,4.0,4.0,8.0,0.0,,0
23.0,female,8.0,4.0,0.0,7.0,4.0,7.0,1.0,2.0,1
27.0,male,28.0,2.0,0.0,0.0,6.0,10.0,0.0,5.0,0
24.0,male,13.0,5.0,0.0,3.0,3.0,12.0,11.0,14.0,1
37.0,male,7.0,5.0,0.0,0.0,1.0,2.0,0.0,8.0,0
36.0,male,3.0,5.0,1.0,0.0,5.0,9.0,0.0,1.0,0
19.0,male,7.0,4.0,0.0,3.0,4.0,0.0,8.0,13.0,0
28.0,M,4.0,0.0,0.0,3.0,2.0,12.0,9.0,12.0,0
25.0,male,5.0,6.0,0.0,0.0,4.0,0.0,8.0,6.0,0
40.0,male,5.0,5.0,0.0,4.0,4.0,11.0,14.0,6.0,0
22.0,male,16.0,2.0,0.0,2.0,4.0,11.0,7.0,5.0,0
42.0,male,3.0,2.0,0.0,2.0,1.0,7.0,4.0,4.0,0
31.0,Male,15.0,5.0,0.0,7.0,6.0,9.0,13.0,16.0,1
23.0,male,12.0,6.0,0.0,2.0,1.0,0.0,0.0,0.0,0
26.0,male,12.0,3.0,0.0,4.0,8.0,7.0,9.0,16.0,0
25.0,male,5.0,5.0,0.0,1.0,2.0,35.0,0.0,8.0,0
22.0,male,14.0,1.0,0.0,4.0,3.0,0.0,5.0,6.0,0
32.0,male,5.0,1.0,0.0,,,3.0,3.0,10.0,0
22.0,male,20.0,1.0,0.0,3.0,5.0,1.0,10.0,4.0,0
19.0,other,16.0,3.0,1.0,2.0,3.0,7.0,8.0,3.0,0
28.0,other,22.0,9.0,0.0,4.0,1.0,6.0,10.0,11.0,0
19.0,female,9.0,9.0,0.0,3.0,5.0,19.0,14.0,9.0,0
26.0,male,8.0,4.0,0.0,1.0,1.0,5.0,5.0,5.0,0
25.0,male,7.0,2.0,0.0,6.0,6.0,12.0,5.0,6.0,1
25.0,male,27.0,6.0,0.0,5.0,2.0,5.0,2.0,4.0,0
45.0,male,13.0,6.0,0.0,5.0,9.0,5.0,8.0,19.0,0
31.0,male,4.0,0.0,0.0,4.0,0.0,0.0,1.0,0.0,0
33.0,male,19.0,4.0,0.0,4.0,1.0,8.0,9.0,2.0,0
19.0,male,8.0,7.0,0.0,2.0,4.0,8.0,9.0,3.0,0
26.0,male,1.0,1.0,0.0,2.0,6.0,8.0,14.0,6.0,0
33.0,male,6.0,2.0,1.0,6.0,0.0,1.0,7.0,4.0,0
24.0,male,16.0,5.0,1.0,3.0,0.0,4.0,0.0,4.0,0
37.0,male,12.0,5.0,1.0,6.0,2.0,5.0,3.0,0.0,0
23.0,female,13.0,3.0,0.0,6.0,5.0,6.0,0.0,4.0,0
29.0,male,18.0,5.0,0.0,1.0,9.0,8.0,12.0,18.0,0
27.0,male,3.0,5.0,0.0,1.0,4.0,2.0,7.0,7.0,0
32.0,male,6.0,8.0,1.0,,4.0,9.0,7.0,5.0,0
27.0,male,9.0,4.0,0.0,4.0,1.0,4.0,7.0,4.0,1
29.0,male,17.0,5.0,0.0,5.0,6.0,13.0,6.0,5.0,0
29.0,male,5.0,7.0,0.0,2.0,6.0,4.0,8.0,8.0,0
26.0,male,7.0,3.0,1.0,1.0,7.0,7.0,2.0,8.0,0
34.0,male,9.0,1.0,1.0,3.0,4.0,8.0,8.0,7.0,1
33.0,male,,4.0,0.0,3.0,1.0,3.0,5.0,11.0,0
30.0,female,9.0,6.0,0.0,5.0,4.0,5.0,11.0,10.0,1
28.0,male,8.0,5.0,1.0,4.0,7.0,7.0,2.0,1.0,0
37.0,male,6.0,4.0,1.0,5.0,4.0,5.0,2.0,5.0,0
29.0,male,14.0,1.0,1.0,1.0,0.0,1.0,4.0,0.0,0
29.0,male,13.0,4.0,0.0,6.0,3.0,14.0,6.0,4.0,0
32.0,male,14.0,7.0,0.0,6.0,5.0,13.0,10.0,5.0,0
43.0,male,15.0,2.0,1.0,1.0,0.0,8.0,4.0,3.0,0
22.0,male,21.0,5.0,0.0,6.0,5.0,13.0,12.0,10.0,1
36.0,male,3.0,3.0,0.0,5.0,4.0,2.0,6.0,8.0,0
19.0,male,3.0,2.0,0.0,4.0,8.0,16.0,9.0,5.0,1
33.0,male,13.0,5.0,0.0,4.0,1.0,5.0,2.0,8.0,0
42.0,female,7.0,5.0,1.0,6.0,4.0,11.0,6.0,6.0,1
34.0,male,6.0,5.0,0.0,1.0,7.0,15.0,5.0,7.0,0
32.0,female,6.0,2.0,0.0,4.0,2.0,0.0,0.0,2.0,0
27.0,male,15.0,1.0,0.0,2.0,1.0,11.0,0.0,10.0,0
31.0,male,27.0,7.0,1.0,6.0,2.0,6.0,6.0,6.0,1
29.0,male,15.0,4.0,1.0,3.0,3.0,4.0,10.0,6.0,0
25.0,female,7.0,8.0,0.0,1.0,5.0,10.0,9.0,7.0,0
29.0,male,14.0,9.0,0.0,2.0,2.0,3.0,4.0,3.0,0
32.0,male,3.0,8.0,0.0,,7.0,10.0,10.0,5.0,1
26.0,male,1.0,1.0,1.0,2.0,3.0,2.0,6.0,4.0,0
25.0,male,8.0,5.0,0.0,1.0,0.0,5.0,5.0,8.0,0
21.0,male,3.0,5.0,0.0,3.0,5.0,14.0,11.0,7.0,0
34.0,male,7.0,6.0,1.0,5.0,5.0,9.0,4.0,2.0,1
35.0,male,10.0,3.0,0.0,7.0,5.0,6.0,8.0,7.0,0
33.0,female,29.0,9.0,0.0,1.0,7.0,13.0,5.0,7.0,0
38.0,male,17.0,5.0,0.0,10.0,8.0,5.0,13.0,5.0,1
32.0,Male,3.0,4.0,0.0,4.0,2.0,4.0,3.0,9.0,0
34.0,male,3.0,0.0,0.0,3.0,2.0,2.0,8.0,7.0,0
33.0,male,6.0,5.0,0.0,1.0,5.0,5.0,0.0,4.0,0
30.0,male,23.0,5.0,0.0,3.0,0.0,8.0,14.0,5.0,1
27.0,female,3.0,4.0,1.0,5.0,5.0,11.0,4.0,6.0,0
46.0,male,6.0,4.0,0.0,1.0,6.0,7.0,2.0,2.0,0
36.0,male,3.0,3.0,0.0,4.0,3.0,12.0,2.0,10.0,0
37.0,male,5.0,2.0,0.0,1.0,3.0,5.0,4.0,4.0,0
33.0,male,5.0,1.0,0.0,0.0,0.0,6.0,7.0,1.0,0
45.0,male,13.0,0.0,1.0,6.0,4.0,6.0,7.0,10.0,0
37.0,male,6.0,3.0,1.0,2.0,4.0,5.0,10.0,5.0,0
34.0,male,9.0,0.0,0.0,4.0,3.0,2.0,6.0,16.0,0
38.0,male,6.0,5.0,0.0,3.0,6.0,9.0,8.0,10.0,0
31.0,male,9.0,2.0,0.0,5.0,5.0,0.0,4.0,6.0,0
37.0,male,10.0,5.0,1.0,5.0,4.0,15.0,12.0,14.0,1
20.0,male,3.0,0.0,0.0,3.0,3.0,2.0,8.0,2.0,0
29.0,male,10.0,3.0,1.0,1.0,6.0,8.0,5.0,4.0,1
28.0,female,2.0,1.0,0.0,0.0,1.0,3.0,0.0,0.0,0
33.0,male,19.0,6.0,1.0,5.0,6.0,7.0,14.0,4.0,1
36.0,male,10.0,5.0,0.0,7.0,2.0,14.0,16.0,4.0,1
35.0,female,4.0,3.0,1.0,6.0,1.0,6.0,5.0,4.0,0
34.0,male,2.0,3.0,0.0,3.0,2.0,0.0,14.0,3.0,0
44.0,male,14.0,6.0,1.0,7.0,6.0,10.0,12.0,17.0,1
27.0,male,15.0,6.0,0.0,5.0,5.0,2.0,9.0,7.0,0
30.0,male,9.0,2.0,1.0,2.0,9.0,7.0,11.0,11.0,1
29.0,male,9.0,5.0,0.0,4.0,9.0,10.0,14.0,11.0,1
37.0,male,5.0,2.0,1.0,1.0,0.0,3.0,11.0,9.0,0
39.0,male,6.0,0.0,0.0,4.0,5.0,7.0,15.0,5.0,0
27.0,male,15.0,1.0,0.0,2.0,1.0,11.0,0.0,10.0,0
31.0,male,8.0,3.0,0.0,2.0,6.0,0.0,5.0,3.0,0
19.0,male,4.0,4.0,0.0,2.0,7.0,8.0,14.0,3.0,1
25.0,male,3.0,5.0,1.0,3.0,2.0,3.0,11.0,10.0,0
34.0,male,,6.0,0.0,7.0,7.0,17.0,19.0,10.0,1
31.0,male,18.0,3.0,1.0,6.0,8.0,9.0,12.0,8.0,0
35.0,male,10.0,3.0,0.0,1.0,4.0,7.0,0.0,8.0,0
34.0,M,12.0,8.0,0.0,1.0,5.0,8.0,9.0,,1
